semana,equipo,ejecutado,calc_espn,calc_propio,optimo,dejado
4,ComNich,221.45,165.54,148.23,245.25,23.8
4,Victorious Secret,220.41,172.63,149.32,227.11,6.7
4,Ayayay,189.48,175.28,162.61,210.98,21.5
4,The Replacements,186.86,156.96,130.29,186.86,0.0
4,Ferchos,180.4,173.52,169.17,211.22,30.82
4,el.ai.on,174.91,178.21,171.54,197.01,22.1
4,Bolivia,171.06,167.08,132.34,193.15,22.09
4,Tua Lipa,161.78,167.96,150.46,166.08,4.3
4,Injury Report,154.21,150.86,152.69,157.11,2.9
4,Panamanian P!mps,148.64,174.26,156.97,155.1,6.46
4,Back 2 Back,146.34,157.72,154.99,152.44,6.1
4,SGB,143.87,162.14,156.85,143.87,0.0
4,EZWAR,134.58,175.94,134.55,142.48,7.9
4,KeepMyTeamNameOuttaYoFMouth,113.63,144.52,163.66,118.23,4.6
4,R.I.P,111.15,168.02,144.25,122.75,11.6
4,Raw Dawg,109.37,168.57,129.6,116.27,6.9
