nombre,pos,espn_id,proj,inj,p10,p90,rank_pos,vbd
Jahmyr Gibbs,RB,4429795,329.8,ACTIVE,129.1,554.8,1,206.3
Bijan Robinson,RB,4430807,313.9,ACTIVE,103.0,521.6,2,190.4
Christian McCaffrey,RB,3117251,300.7,QUESTIONABLE,115.1,498.2,3,177.2
Jonathan Taylor,RB,4242335,289.9,ACTIVE,99.3,482.7,4,166.4
Puka Nacua,WR,4426515,291.4,QUESTIONABLE,168.2,424.3,1,145.1
Derrick Henry,RB,3043078,266.7,ACTIVE,116.0,448.6,5,143.2
James Cook III,RB,4379399,261.6,ACTIVE,93.2,435.1,6,138.1
De'Von Achane,RB,4429160,260.9,ACTIVE,95.6,436.3,7,137.4
Ja'Marr Chase,WR,4362628,276.2,QUESTIONABLE,158.7,401.4,2,129.9
Saquon Barkley,RB,3929630,251.2,ACTIVE,104.5,408.8,8,127.7
Breece Hall,RB,4427366,248.0,QUESTIONABLE,87.3,412.7,9,124.5
Kenneth Walker III,RB,4567048,247.4,QUESTIONABLE,64.8,519.0,10,123.9
Ashton Jeanty,RB,4890973,246.2,QUESTIONABLE,98.8,409.3,11,122.7
Jaxon Smith-Njigba,WR,4430878,266.9,ACTIVE,149.9,389.6,3,120.6
Jeremiyah Love,RB,4870808,242.6,QUESTIONABLE,243.4,243.4,12,119.1
Amon-Ra St. Brown,WR,4374302,264.3,ACTIVE,155.1,384.7,4,118.0
Javonte Williams,RB,4361579,239.9,ACTIVE,91.4,401.4,13,116.4
Chase Brown,RB,4362238,238.4,ACTIVE,88.4,390.8,14,114.9
Omarion Hampton,RB,4685382,235.1,ACTIVE,108.9,370.9,15,111.6
Travis Etienne Jr.,RB,4239996,223.1,ACTIVE,81.6,371.1,16,99.6
CeeDee Lamb,WR,4241389,241.0,ACTIVE,140.1,353.5,5,94.7
Justin Jefferson,WR,4262921,238.5,ACTIVE,83.3,390.4,6,92.2
Kyren Williams,RB,4430737,214.9,ACTIVE,81.7,357.3,17,91.4
Josh Allen,QB,3918298,371.1,ACTIVE,218.7,514.2,1,86.7
Quinshon Judkins,RB,4685702,209.8,ACTIVE,55.0,433.0,18,86.3
Cam Skattebo,RB,4696981,204.7,ACTIVE,95.3,327.5,19,81.2
D'Andre Swift,RB,4259545,195.0,ACTIVE,72.2,324.1,20,71.5
Drake London,WR,4426502,217.7,ACTIVE,53.8,336.3,7,71.4
Brock Bowers,TE,4432665,190.1,ACTIVE,88.4,301.2,1,68.5
Rashee Rice,WR,4428331,212.6,ACTIVE,56.9,333.0,8,66.3
Trey McBride,TE,4361307,187.5,ACTIVE,92.0,282.6,2,65.9
Bucky Irving,RB,4596448,188.2,ACTIVE,93.4,308.7,21,64.7
Bhayshul Tuten,RB,4882093,187.8,ACTIVE,30.1,470.3,22,64.3
A.J. Brown,WR,4047646,205.8,ACTIVE,112.0,295.6,9,59.5
David Montgomery,RB,4035538,182.5,ACTIVE,50.9,370.4,23,59.0
Rhamondre Stevenson,RB,4569173,181.8,ACTIVE,71.4,295.7,24,58.3
Nico Collins,WR,4258173,204.0,ACTIVE,109.9,292.5,10,57.7
Chris Olave,WR,4361370,203.7,ACTIVE,111.9,296.7,11,57.4
Jadarian Price,RB,4685512,180.0,ACTIVE,180.5,180.5,25,56.5
Malik Nabers,WR,4595348,200.2,QUESTIONABLE,118.7,288.2,12,53.9
Garrett Wilson,WR,4569618,199.5,ACTIVE,52.9,326.4,13,53.2
TreVeyon Henderson,RB,4432710,176.6,QUESTIONABLE,75.7,296.0,26,53.1
George Pickens,WR,4426354,198.8,ACTIVE,107.3,286.6,14,52.5
Davante Adams,WR,16800,198.1,ACTIVE,110.9,290.3,15,51.8
Rico Dowdle,RB,4038815,173.3,ACTIVE,67.5,288.0,27,49.8
Zay Flowers,WR,4429615,195.9,QUESTIONABLE,111.4,283.4,16,49.6
Tetairoa McMillan,WR,4685472,194.3,ACTIVE,106.3,291.2,17,48.0
Emeka Egbuka,WR,4567750,193.3,QUESTIONABLE,70.9,317.5,18,47.0
DeVonta Smith,WR,4241478,192.9,ACTIVE,67.0,324.3,19,46.6
Tony Pollard,RB,3916148,170.1,ACTIVE,44.4,345.7,28,46.6
Tyler Warren,TE,4431459,167.6,QUESTIONABLE,79.7,252.6,3,46.0
Jaylen Warren,RB,4569987,168.9,ACTIVE,61.5,276.7,29,45.4
Colston Loveland,TE,4723086,166.4,ACTIVE,81.6,252.7,4,44.8
Jonathon Brooks,RB,4678008,165.0,QUESTIONABLE,165.6,165.6,30,41.5
J.K. Dobbins,RB,4241985,163.1,ACTIVE,26.5,366.3,31,39.6
Lamar Jackson,QB,3916387,323.5,ACTIVE,45.8,689.5,2,39.1
Kyle Monangai,RB,4608686,161.3,QUESTIONABLE,42.5,337.3,32,37.8
Rome Odunze,WR,4431299,183.2,ACTIVE,45.1,299.9,20,36.9
Drake Maye,QB,4431452,320.7,ACTIVE,195.1,448.8,3,36.3
Jalen Hurts,QB,4040715,320.4,ACTIVE,189.2,446.8,4,36.0
Tee Higgins,WR,4239993,181.8,QUESTIONABLE,97.1,261.7,21,35.5
Ladd McConkey,WR,4612826,179.9,ACTIVE,63.1,287.5,22,33.6
Terry McLaurin,WR,3121422,179.7,ACTIVE,57.3,303.8,23,33.4
Jayden Daniels,QB,4426348,317.2,ACTIVE,70.0,594.4,5,32.8
George Kittle,TE,3040151,154.3,QUESTIONABLE,71.0,244.3,5,32.7
Chuba Hubbard,RB,4241416,153.9,QUESTIONABLE,39.6,313.0,33,30.4
Aaron Jones Sr.,RB,3042519,153.5,ACTIVE,27.2,345.5,34,30.0
Brandon Aubrey,K,3953687,174.1,ACTIVE,78.5,283.8,1,29.2
Jameson Williams,WR,4426388,175.3,ACTIVE,102.0,260.3,24,29.0
DJ Moore,WR,3915416,175.0,ACTIVE,62.8,289.5,25,28.7
Jaylen Waddle,WR,4372016,174.3,ACTIVE,99.4,251.3,26,28.0
Kenny Gainwell,RB,4371733,151.5,ACTIVE,54.5,252.5,35,28.0
Josh Jacobs,RB,4047365,151.4,DAY_TO_DAY,58.8,256.9,36,27.9
Sam LaPorta,TE,4430027,148.9,QUESTIONABLE,68.9,234.1,6,27.3
Jacory Croskey-Merritt,RB,4575131,149.6,QUESTIONABLE,40.8,312.4,37,26.1
Blake Corum,RB,4429096,149.4,ACTIVE,42.1,300.7,38,25.9
Harold Fannin Jr.,TE,5083076,146.3,ACTIVE,72.4,225.9,7,24.7
Courtland Sutton,WR,3128429,169.1,ACTIVE,95.8,247.9,27,22.8
Kyle Pitts Sr.,TE,4360248,144.1,ACTIVE,73.2,218.7,8,22.5
Luther Burden III,WR,4685278,167.9,QUESTIONABLE,37.9,433.9,28,21.6
Jordan Mason,RB,4360569,144.5,ACTIVE,35.7,291.3,39,21.0
Joe Burrow,QB,3915511,305.1,ACTIVE,96.5,447.9,6,20.7
Dallas Goedert,TE,3121023,141.1,ACTIVE,67.3,211.5,9,19.5
Cameron Dicker,K,4362081,164.3,QUESTIONABLE,74.7,265.9,2,19.4
Rachaad White,RB,4697815,142.9,QUESTIONABLE,33.4,298.3,40,19.4
Travis Kelce,TE,15847,140.3,ACTIVE,69.7,212.9,10,18.7
Carnell Tate,WR,4871023,164.7,QUESTIONABLE,165.2,165.2,29,18.4
Mark Andrews,TE,3116365,139.0,ACTIVE,40.2,306.2,11,17.4
DK Metcalf,WR,4047650,163.0,QUESTIONABLE,91.3,237.5,30,16.7
Harrison Mevis,K,4574716,161.3,ACTIVE,54.5,277.1,3,16.4
Jason Myers,K,2473037,161.2,ACTIVE,66.6,263.5,4,16.3
Ka'imi Fairbairn,K,2971573,161.0,ACTIVE,73.0,261.2,5,16.1
Jaxson Dart,QB,4689114,300.3,ACTIVE,97.7,497.8,7,15.9
Tucker Kraft,TE,4572680,136.7,QUESTIONABLE,62.8,216.4,12,15.1
Christian Watson,WR,4248528,160.2,ACTIVE,45.9,247.6,31,13.9
Eddy Pineiro,K,4034949,157.8,ACTIVE,64.6,258.6,6,12.9
Marvin Harrison Jr.,WR,4432708,158.9,ACTIVE,43.8,270.6,32,12.6
Bo Nix,QB,4426338,295.6,ACTIVE,93.1,497.7,8,11.2
Matthew Stafford,QB,12483,293.8,ACTIVE,167.6,411.0,9,9.4
Alec Pierce,WR,4360078,155.4,QUESTIONABLE,89.3,229.8,33,9.1
Brock Purdy,QB,4361741,293.1,ACTIVE,97.6,426.6,10,8.7
Jake Ferguson,TE,4242355,129.3,ACTIVE,62.5,201.6,13,7.7
Patrick Mahomes,QB,3139477,291.9,QUESTIONABLE,165.8,404.6,11,7.5
Matthew Golden,WR,4701936,152.9,ACTIVE,33.9,388.5,34,6.6
Michael Pittman Jr.,WR,4035687,152.7,QUESTIONABLE,50.9,240.0,35,6.4
Harrison Butker,K,3055899,150.8,ACTIVE,66.7,246.8,7,5.9
Trevor Lawrence,QB,4360310,289.8,ACTIVE,171.2,400.9,12,5.4
Tyjae Spears,RB,4428557,128.3,ACTIVE,23.2,282.5,41,4.8
Cam Little,K,4686361,149.5,ACTIVE,66.2,246.3,8,4.6
Mike Evans,WR,16737,150.9,QUESTIONABLE,43.6,245.2,36,4.6
Parker Washington,WR,4432620,150.6,ACTIVE,52.8,245.6,37,4.3
Dalton Kincaid,TE,4385690,125.1,ACTIVE,25.3,314.1,14,3.5
Dak Prescott,QB,2577417,287.0,ACTIVE,156.5,397.7,13,2.6
Jake Bates,K,4689936,147.2,ACTIVE,64.5,238.1,9,2.3
Tyler Loop,K,4697745,146.8,ACTIVE,62.9,240.3,10,1.9
Isaiah Likely,TE,4361050,123.4,ACTIVE,35.0,279.3,15,1.8
Cairo Santos,K,17427,146.5,ACTIVE,68.0,233.4,11,1.6
Brian Thomas Jr.,WR,4432773,146.8,QUESTIONABLE,51.8,238.9,38,0.5
Chris Boswell,K,17372,145.3,ACTIVE,64.7,240.5,12,0.4
RJ Harvey,RB,4568490,123.7,ACTIVE,30.9,259.1,42,0.2
Will Reichard,K,4567104,145.1,ACTIVE,64.9,237.6,13,0.2
Texans D/ST,DST,-16034,0.0,,0.0,0.0,1,0.0
Broncos D/ST,DST,-16007,0.0,,0.0,0.0,2,0.0
Seahawks D/ST,DST,-16026,0.0,,0.0,0.0,3,0.0
Rams D/ST,DST,-16014,0.0,,0.0,0.0,4,0.0
Steelers D/ST,DST,-16023,0.0,,0.0,0.0,5,0.0
Ravens D/ST,DST,-16033,0.0,,0.0,0.0,6,0.0
Eagles D/ST,DST,-16021,0.0,,0.0,0.0,7,0.0
Jakobi Meyers,WR,3916433,146.3,QUESTIONABLE,47.7,227.5,39,0.0
Patriots D/ST,DST,-16017,0.0,,0.0,0.0,8,0.0
Lions D/ST,DST,-16008,0.0,,0.0,0.0,9,0.0
Browns D/ST,DST,-16005,0.0,,0.0,0.0,10,0.0
Hunter Henry,TE,3046439,121.6,ACTIVE,34.5,273.8,16,0.0
Jaguars D/ST,DST,-16030,0.0,,0.0,0.0,11,0.0
Kyler Murray,QB,3917315,284.4,ACTIVE,33.3,533.3,14,0.0
Chargers D/ST,DST,-16024,0.0,,0.0,0.0,12,0.0
Chiefs D/ST,DST,-16012,0.0,,0.0,0.0,13,0.0
Vikings D/ST,DST,-16016,0.0,,0.0,0.0,14,0.0
Chase McLaughlin,K,3150744,144.9,ACTIVE,59.2,234.4,14,0.0
Packers D/ST,DST,-16009,0.0,,0.0,0.0,15,0.0
Bears D/ST,DST,-16003,0.0,,0.0,0.0,16,0.0
Buccaneers D/ST,DST,-16027,0.0,,0.0,0.0,17,0.0
Cowboys D/ST,DST,-16006,0.0,,0.0,0.0,18,0.0
49ers D/ST,DST,-16025,0.0,,0.0,0.0,19,0.0
Trey Smack,K,4869461,144.9,ACTIVE,145.1,145.1,15,0.0
Titans D/ST,DST,-16010,0.0,,0.0,0.0,20,0.0
Bills D/ST,DST,-16002,0.0,,0.0,0.0,21,0.0
Saints D/ST,DST,-16018,0.0,,0.0,0.0,22,0.0
Colts D/ST,DST,-16011,0.0,,0.0,0.0,23,0.0
MarShawn Lloyd,RB,4429023,123.5,ACTIVE,124.0,124.0,43,0.0
Giants D/ST,DST,-16019,0.0,,0.0,0.0,24,0.0
Bengals D/ST,DST,-16004,0.0,,0.0,0.0,25,0.0
Raiders D/ST,DST,-16013,0.0,,0.0,0.0,26,0.0
Falcons D/ST,DST,-16001,0.0,,0.0,0.0,27,0.0
Panthers D/ST,DST,-16029,0.0,,0.0,0.0,28,0.0
Jets D/ST,DST,-16020,0.0,,0.0,0.0,29,0.0
Commanders D/ST,DST,-16028,0.0,,0.0,0.0,30,0.0
Dolphins D/ST,DST,-16015,0.0,,0.0,0.0,31,0.0
Cardinals D/ST,DST,-16022,0.0,,0.0,0.0,32,0.0
Justin Herbert,QB,4038941,283.4,ACTIVE,170.0,395.5,15,-1.0
Evan McPherson,K,4360234,143.5,ACTIVE,63.4,233.7,16,-1.4
Nick Folk,K,10621,143.5,ACTIVE,66.9,232.9,17,-1.4
Caleb Williams,QB,4431611,282.7,ACTIVE,163.4,391.0,16,-1.7
Xavier Worthy,WR,4683062,143.7,ACTIVE,29.3,332.2,40,-2.6
T.J. Hockenson,TE,4036133,118.9,ACTIVE,33.9,252.1,17,-2.7
Spencer Shrader,K,4571557,141.5,ACTIVE,,,18,-3.4
Woody Marks,RB,4429059,118.1,ACTIVE,30.0,244.5,44,-5.4
Kenyon Sadiq,TE,5083315,115.9,QUESTIONABLE,115.9,115.9,18,-5.7
Jayden Reed,WR,4362249,140.6,ACTIVE,141.0,141.0,41,-5.7
Michael Wilson,WR,4360761,140.1,ACTIVE,77.2,206.9,42,-6.2
Jordan Addison,WR,4429205,139.3,ACTIVE,45.9,220.7,43,-7.0
Juwan Johnson,TE,3929645,114.5,ACTIVE,32.2,254.5,19,-7.1
Tyler Bass,K,3917232,137.0,ACTIVE,137.2,137.2,19,-7.9
Quentin Johnston,WR,4429025,138.1,ACTIVE,45.7,219.2,44,-8.2
Wil Lutz,K,2985659,136.6,ACTIVE,55.0,225.2,20,-8.3
Jake Elliott,K,3050478,135.6,ACTIVE,61.6,223.5,21,-9.3
Brenton Strange,TE,4430539,112.1,ACTIVE,21.4,269.4,20,-9.5
Terrance Ferguson,TE,4570037,111.9,QUESTIONABLE,34.3,259.0,21,-9.7
Wan'Dale Robinson,WR,4569587,134.9,QUESTIONABLE,74.8,192.0,45,-11.4
Dominic Zvada,K,5082424,133.5,ACTIVE,133.7,133.7,22,-11.4
Stefon Diggs,WR,2976212,134.7,ACTIVE,76.5,196.6,46,-11.6
Khalil Shakir,WR,4373678,134.5,QUESTIONABLE,47.7,220.2,47,-11.8
De'Zhaun Stribling,WR,4710714,133.2,QUESTIONABLE,133.5,133.5,48,-13.1
Jared Goff,QB,3046779,269.4,ACTIVE,164.7,376.9,17,-15.0
Riley Patterson,K,4243371,129.9,ACTIVE,,,23,-15.0
Pat Freiermuth,TE,4361411,106.0,ACTIVE,32.2,231.6,22,-15.6
Andy Borregales,K,4569923,128.6,ACTIVE,55.5,204.9,24,-16.3
Daniel Jones,QB,3917792,266.4,ACTIVE,38.7,570.8,18,-18.0
Tyler Shough,QB,4360689,266.1,ACTIVE,37.3,573.0,19,-18.3
Matt Gay,K,4249087,125.8,ACTIVE,42.9,216.9,25,-19.1
Chris Godwin Jr.,WR,3116165,127.1,ACTIVE,21.7,334.6,49,-19.2
Dalton Schultz,TE,3117256,102.2,ACTIVE,29.9,230.6,23,-19.4
Ryan Fitzgerald,K,4568263,125.5,ACTIVE,55.5,203.6,26,-19.4
Baker Mayfield,QB,3052587,264.8,ACTIVE,70.8,441.6,20,-19.6
Makai Lemon,WR,4870795,126.4,ACTIVE,126.9,126.9,50,-19.9
Jordan Love,QB,4036378,264.4,ACTIVE,76.1,451.3,21,-20.0
Joey Slye,K,3124084,124.2,ACTIVE,57.7,202.9,27,-20.7
Andre Szmyt,K,4258620,123.7,ACTIVE,58.8,206.0,28,-21.2
KC Concepcion,WR,4870653,124.5,ACTIVE,125.0,125.0,51,-21.8
Deebo Samuel Sr.,WR,3126486,124.0,ACTIVE,46.4,206.5,52,-22.3
Romeo Doubs,WR,4361432,123.7,ACTIVE,41.6,200.7,53,-22.6
Chad Ryland,K,4363538,121.5,ACTIVE,53.1,197.9,29,-23.4
Gunnar Helm,TE,4686728,97.1,ACTIVE,28.7,210.1,24,-24.5
Blake Grupe,K,4259619,120.4,ACTIVE,52.0,196.2,30,-24.5
Justice Hill,RB,4038441,98.8,ACTIVE,16.5,258.3,45,-24.7
Josh Downs,WR,4688813,121.1,QUESTIONABLE,25.8,298.0,54,-25.2
Alvin Kamara,RB,3054850,97.2,QUESTIONABLE,17.1,208.0,46,-26.3
Chig Okonkwo,TE,4360635,94.5,ACTIVE,27.8,207.2,25,-27.1
Greg Dulcich,TE,4367209,93.0,ACTIVE,19.0,221.3,26,-28.6
Isiah Pacheco,RB,4361529,94.1,INJURY_RESERVE,13.5,239.8,47,-29.4
Rashid Shaheed,WR,4032473,116.5,ACTIVE,25.9,304.7,55,-29.8
Jalen Coker,WR,4695883,115.7,ACTIVE,17.9,304.2,56,-30.6
AJ Barner,TE,4576297,90.3,ACTIVE,25.8,196.5,27,-31.3
Jerry Jeudy,WR,4241463,113.8,ACTIVE,24.0,276.7,57,-32.5
Denzel Boston,WR,4832800,113.7,ACTIVE,114.2,114.2,58,-32.6
Kayshon Boutte,WR,4429022,112.8,ACTIVE,24.6,268.9,59,-33.5
Calvin Ridley,WR,3925357,112.6,ACTIVE,113.0,113.0,60,-33.7
Samaje Perine,RB,3116389,88.9,ACTIVE,15.7,213.6,48,-34.6
Brian Robinson Jr.,RB,4241474,88.6,ACTIVE,14.2,217.4,49,-34.9
Tre Tucker,WR,4428718,111.0,ACTIVE,38.6,181.3,61,-35.3
David Njoku,TE,3123076,83.7,ACTIVE,16.8,199.9,28,-37.9
Jalen McMillan,WR,4430834,108.0,QUESTIONABLE,108.4,108.4,62,-38.3
C.J. Stroud,QB,4432577,245.8,ACTIVE,68.1,419.2,22,-38.6
Evan Engram,TE,3051876,82.4,ACTIVE,25.4,178.6,29,-39.2
Adonai Mitchell,WR,4597500,106.5,ACTIVE,24.3,273.5,63,-39.8
Tyler Allgeier,RB,4373626,82.6,ACTIVE,19.5,170.3,50,-40.9
Keaton Mitchell,RB,4596334,82.5,QUESTIONABLE,12.1,206.9,51,-41.0
Sam Darnold,QB,3912547,243.1,ACTIVE,82.0,409.1,23,-41.3
Cade Otton,TE,4243331,79.8,ACTIVE,23.3,182.7,30,-41.8
Jaylin Noel,WR,4586312,103.5,QUESTIONABLE,23.4,255.5,64,-42.8
Rashod Bateman,WR,4360939,103.2,ACTIVE,18.2,288.2,65,-43.1
Mike Gesicki,TE,3116164,78.1,ACTIVE,16.2,191.1,31,-43.5
Malik Willis,QB,4242512,239.7,ACTIVE,28.0,449.4,24,-44.7
Jalen Nailor,WR,4382466,101.2,ACTIVE,22.7,239.4,66,-45.1
Bryce Young,QB,4685720,238.6,ACTIVE,71.8,400.6,25,-45.8
Devaughn Vele,WR,4569559,98.4,ACTIVE,14.4,251.9,67,-47.9
Ty Johnson,RB,3915411,73.1,QUESTIONABLE,10.1,178.3,52,-50.4
Geno Smith,QB,15864,233.6,ACTIVE,72.4,393.2,26,-50.8
Dylan Sampson,RB,5081397,71.2,ACTIVE,11.6,174.9,53,-52.3
Ja'Kobi Lane,WR,4870847,92.5,ACTIVE,92.9,92.9,68,-53.8
Braelon Allen,RB,4685247,69.6,ACTIVE,69.9,69.9,54,-53.9
Caleb Douglas,WR,4869645,91.6,ACTIVE,91.9,91.9,69,-54.7
Chris Rodriguez Jr.,RB,4362619,68.3,ACTIVE,10.7,146.3,55,-55.2
Jauan Jennings,WR,3886598,91.1,ACTIVE,31.8,149.2,70,-55.2
Zach Charbonnet,RB,4426385,67.5,OUT,17.1,137.6,56,-56.0
Dontayvion Wicks,WR,4428850,88.8,ACTIVE,17.9,214.7,71,-57.5
Malik Washington,WR,4569603,88.0,ACTIVE,17.3,220.3,72,-58.3
Germie Bernard,WR,4685261,87.6,ACTIVE,88.0,88.0,73,-58.7
Jonah Coleman,RB,4702555,64.8,ACTIVE,64.8,64.8,57,-58.7
Travis Hunter,WR,4685415,86.7,ACTIVE,51.4,124.9,74,-59.6
Oronde Gadsden,TE,4595342,62.0,ACTIVE,17.8,130.0,32,-59.6
Michael Mayer,TE,4429086,62.0,ACTIVE,13.1,147.6,33,-59.6
Colby Parkinson,TE,4242557,61.3,ACTIVE,17.6,131.5,34,-60.3
Mike Washington Jr.,RB,4686658,61.4,ACTIVE,61.7,61.7,58,-62.1
Tank Bigsby,RB,4429013,61.2,ACTIVE,10.5,160.5,59,-62.3
Chris Brooks,RB,3149687,60.1,ACTIVE,8.5,151.5,60,-63.4
Cam Ward,QB,4688380,220.5,ACTIVE,67.6,372.8,27,-63.9
Cooper Kupp,WR,2977187,82.4,ACTIVE,18.1,202.7,75,-63.9
Jordyn Tyson,WR,4880281,81.6,INJURY_RESERVE,81.9,81.9,76,-64.7
Darnell Washington,TE,4430802,56.4,ACTIVE,17.9,129.7,35,-65.2
Aaron Rodgers,QB,8439,218.4,ACTIVE,62.3,365.8,28,-66.0
Dawson Knox,TE,3930086,55.3,ACTIVE,16.7,134.6,36,-66.3
Erick All Jr.,TE,4427834,54.9,ACTIVE,54.9,54.9,37,-66.7
Kaelon Black,RB,4696044,56.0,ACTIVE,56.0,56.0,61,-67.5
Mason Taylor,TE,4808766,53.2,ACTIVE,9.8,129.2,38,-68.4
Xavier Legette,WR,4430034,75.4,QUESTIONABLE,15.9,181.9,77,-70.9
Jahan Dotson,WR,4361409,74.9,ACTIVE,17.8,187.7,78,-71.4
Malik Davis,RB,4240603,51.5,ACTIVE,7.8,130.5,62,-72.0
Xavier Hutchinson,WR,4686422,73.5,ACTIVE,16.3,188.8,79,-72.8
Elijah Arroyo,TE,4678006,48.1,ACTIVE,9.1,114.1,39,-73.5
Theo Johnson,TE,4429148,48.0,QUESTIONABLE,14.6,102.3,40,-73.6
Brashard Smith,RB,4596602,49.9,ACTIVE,,,63,-73.6
Tre' Harris,WR,4686612,72.6,QUESTIONABLE,16.5,178.5,80,-73.7
Noah Gray,TE,4240472,47.5,ACTIVE,13.9,106.8,41,-74.1
Ryan Flournoy,WR,5083754,71.9,ACTIVE,16.6,181.8,81,-74.4
Jalen Tolbert,WR,4249417,71.6,ACTIVE,12.7,198.4,82,-74.7
Emmett Johnson,RB,4832955,48.0,ACTIVE,48.1,48.1,64,-75.5
Omar Cooper Jr.,WR,4723820,70.4,ACTIVE,70.7,70.7,83,-75.9
Chris Bell,WR,4869961,70.4,ACTIVE,70.7,70.7,84,-75.9
Malachi Fields,WR,4682648,69.1,ACTIVE,69.4,69.4,85,-77.2
Cole Kmet,TE,4258595,41.9,ACTIVE,12.6,92.7,42,-79.7
Isaiah Davis,RB,4695404,43.1,QUESTIONABLE,6.6,107.9,65,-80.4
DeMario Douglas,WR,4427095,65.7,ACTIVE,14.3,152.2,86,-80.6
Darius Slayton,WR,3916945,65.1,ACTIVE,15.0,162.0,87,-81.2
Zachariah Branch,WR,4870612,64.7,ACTIVE,64.9,64.9,88,-81.6
Tyquan Thornton,WR,4362921,64.5,ACTIVE,14.2,160.2,89,-81.8
Jaylen Wright,RB,4682745,41.1,ACTIVE,6.0,106.2,66,-82.4
Antonio Williams,WR,5081432,63.5,ACTIVE,63.7,63.7,90,-82.8
Keon Coleman,WR,4635008,62.2,QUESTIONABLE,10.2,162.9,91,-84.1
Drew Sample,TE,3127310,37.4,ACTIVE,10.6,80.2,43,-84.2
Isaac TeSlaa,WR,5123663,61.0,ACTIVE,14.4,151.3,92,-85.3
Jacoby Brissett,QB,2578570,198.7,ACTIVE,57.6,323.8,29,-85.7
Eli Raridon,TE,4831959,35.8,ACTIVE,35.8,35.8,44,-85.8
George Holani,RB,4429835,36.6,ACTIVE,5.5,95.0,67,-86.9
Pat Bryant,WR,4600981,58.5,ACTIVE,11.8,147.4,93,-87.8
Tommy Tremble,TE,4372780,33.8,ACTIVE,9.7,77.4,45,-87.8
Austin Hooper,TE,3043275,33.1,ACTIVE,9.9,73.2,46,-88.5
Sean Tucker,RB,4430871,34.9,ACTIVE,5.5,88.3,68,-88.6
Elijah Higgins,TE,4426844,32.3,ACTIVE,9.0,71.7,47,-89.3
Tyrone Tracy Jr.,RB,4360516,34.1,QUESTIONABLE,9.6,71.4,69,-89.4
Ja'Tavion Sanders,TE,4431588,32.1,ACTIVE,6.3,74.7,48,-89.5
LeQuint Allen Jr.,RB,4911851,33.9,QUESTIONABLE,5.5,86.5,70,-89.6
Kyle Juszczyk,RB,16002,33.6,QUESTIONABLE,5.3,82.0,71,-89.9
Adam Trautman,TE,3911853,30.5,ACTIVE,9.4,68.9,49,-91.1
Noah Fant,TE,4036131,30.4,ACTIVE,8.6,65.9,50,-91.2
Andrei Iosivas,WR,4368003,55.0,ACTIVE,11.6,132.1,94,-91.3
Will Kacmarek,TE,4880236,30.3,QUESTIONABLE,30.3,30.3,51,-91.3
Josh Oliver,TE,3921690,30.1,ACTIVE,9.0,70.6,52,-91.5
Tyler Higbee,TE,2573401,30.0,ACTIVE,6.6,70.7,53,-91.6
Kimani Vidal,RB,4430968,31.5,ACTIVE,5.0,69.2,72,-92.0
Ray Davis,RB,4429501,31.4,ACTIVE,5.1,79.8,73,-92.1
Marvin Mims Jr.,WR,4686472,54.2,QUESTIONABLE,11.9,130.8,95,-92.1
Tory Horton,WR,4597703,53.4,QUESTIONABLE,8.3,146.7,96,-92.9
Ollie Gordon II,RB,4711533,30.6,QUESTIONABLE,4.7,73.8,74,-92.9
KaVontae Turpin,WR,3676833,53.2,ACTIVE,11.8,131.0,97,-93.1
Kevin Coleman Jr.,WR,4685307,53.2,ACTIVE,53.5,53.5,98,-93.1
Ted Hurst III,WR,5220680,53.1,ACTIVE,53.3,53.3,99,-93.2
Seth McGowan,RB,4686468,30.3,ACTIVE,30.3,30.3,75,-93.2
Charlie Kolar,TE,4241263,28.0,ACTIVE,8.4,63.2,54,-93.6
Darnell Mooney,WR,4040655,51.9,ACTIVE,11.4,128.1,100,-94.4
Jack Bech,WR,4603186,51.6,ACTIVE,11.5,129.3,101,-94.7
John Bates,TE,4048228,26.9,QUESTIONABLE,7.7,59.6,55,-94.7
Cade Stover,TE,4426496,25.7,ACTIVE,4.9,59.5,56,-95.9
Jordan James,RB,4685397,26.9,ACTIVE,27.0,27.0,76,-96.6
Fernando Mendoza,QB,4837248,187.6,ACTIVE,187.5,187.5,30,-96.8
Luke Schoonmaker,TE,4372096,22.0,ACTIVE,6.1,53.1,57,-99.6
Eli Stowers,TE,4431574,21.9,QUESTIONABLE,21.9,21.9,58,-99.7
Jackson Hawes,TE,4573699,21.9,ACTIVE,6.3,47.5,59,-99.7
Mo Alie-Cox,TE,2998565,21.9,ACTIVE,6.7,51.1,60,-99.7
Mack Hollins,WR,2991662,45.2,ACTIVE,9.2,114.6,102,-101.1
Ben Sinnott,TE,4690923,20.4,QUESTIONABLE,6.3,46.9,61,-101.2
Daniel Bellinger,TE,4361516,20.2,ACTIVE,5.4,44.4,62,-101.4
Jacob Saylors,RB,4383429,21.9,ACTIVE,,,77,-101.6
Malik Benson,WR,5150247,44.5,ACTIVE,44.5,44.5,103,-101.8
Emari Demercado,RB,4362478,21.1,ACTIVE,3.1,56.6,78,-102.4
Will Shipley,RB,4431545,20.7,ACTIVE,3.0,52.5,79,-102.8
Jeremy Ruckert,TE,4361372,18.5,ACTIVE,5.3,40.5,63,-103.1
Durham Smythe,TE,3052897,18.3,ACTIVE,5.2,40.6,64,-103.3
Hunter Luepke,RB,4383396,20.0,ACTIVE,3.1,49.0,80,-103.5
Cyrus Allen,WR,4912218,42.6,ACTIVE,42.9,42.9,104,-103.7
Troy Franklin,WR,4431280,41.5,ACTIVE,14.3,68.5,105,-104.8
Kyle Williams,WR,4613202,41.2,ACTIVE,9.3,101.9,106,-105.1
Joshua Palmer,WR,4242433,40.7,ACTIVE,6.3,109.7,107,-105.6
Jake Tonges,TE,4259147,15.9,ACTIVE,4.9,36.4,65,-105.7
Tahj Brooks,RB,4429299,17.5,ACTIVE,2.5,43.4,81,-106.0
Nicholas Singleton,RB,4685555,17.2,ACTIVE,17.3,17.3,82,-106.3
Davis Allen,TE,4426553,15.3,QUESTIONABLE,4.5,32.8,66,-106.3
Brock Wright,TE,4242392,14.5,ACTIVE,2.7,33.6,67,-107.1
Payne Durham,TE,4372505,14.4,ACTIVE,4.7,30.9,68,-107.2
Foster Moreau,TE,3843945,14.3,ACTIVE,3.1,33.5,69,-107.3
Nate Boerkircher,TE,4686248,14.2,ACTIVE,14.1,14.1,70,-107.4
Kendre Miller,RB,4599739,15.9,QUESTIONABLE,15.9,15.9,83,-107.6
Nate Adkins,TE,4383440,13.9,ACTIVE,2.8,33.5,71,-107.7
Oscar Delp,TE,4702559,13.7,QUESTIONABLE,13.5,13.5,72,-107.9
Dyami Brown,WR,4361577,38.3,ACTIVE,8.5,97.2,108,-108.0
Kendrick Bourne,WR,3045523,38.0,ACTIVE,9.6,91.1,109,-108.3
Treylon Burks,WR,4567156,36.6,ACTIVE,5.9,96.1,110,-109.7
Blake Whiteheart,TE,4362018,11.6,ACTIVE,,,73,-110.0
Rasheen Ali,RB,4690013,13.2,ACTIVE,,,84,-110.3
Devontez Walker,WR,4696882,35.8,ACTIVE,6.1,97.2,111,-110.5
Kalif Raymond,WR,2973405,35.6,ACTIVE,8.0,91.3,112,-110.7
Kaytron Allen,RB,4685246,12.7,ACTIVE,12.7,12.7,85,-110.8
Demond Claiborne,RB,4832846,12.7,ACTIVE,12.8,12.8,86,-110.8
DJ Giddens,RB,4874509,12.2,ACTIVE,1.9,31.2,87,-111.3
Bryce Lance,WR,4879276,34.7,ACTIVE,34.8,34.8,113,-111.6
Alec Ingold,RB,3917668,10.7,ACTIVE,1.4,25.3,88,-112.8
Savion Williams,WR,4431487,33.0,INJURY_RESERVE,5.0,87.2,114,-113.3
Max Klare,TE,4833029,7.1,ACTIVE,7.1,7.1,74,-114.5
Brevyn Spann-Ford,TE,4360967,6.9,ACTIVE,2.0,15.8,75,-114.7
Ko Kieft,TE,4034779,6.7,ACTIVE,6.8,6.8,76,-114.9
Tanner Koziol,TE,4917427,6.6,ACTIVE,6.7,6.7,77,-115.0
Emanuel Wilson,RB,4887558,8.4,QUESTIONABLE,1.3,20.5,89,-115.1
Sam Roush,TE,4685504,6.5,ACTIVE,6.4,6.4,78,-115.1
Eric Saubert,TE,2975863,6.5,ACTIVE,1.4,16.2,79,-115.1
Matthew Hibner,TE,4432260,6.4,ACTIVE,6.4,6.4,80,-115.2
Luke Farrell,TE,4040612,6.4,ACTIVE,2.0,13.8,81,-115.2
Drew Ogletree,TE,4722908,6.4,ACTIVE,1.9,13.9,82,-115.2
Josh Cuevas,TE,4876132,6.4,ACTIVE,6.4,6.4,83,-115.2
Marlin Klein,TE,4695705,6.3,ACTIVE,6.3,6.3,84,-115.3
Hunter Long,TE,4239944,6.1,ACTIVE,,,85,-115.5
Charlie Woerner,TE,4035020,6.0,ACTIVE,1.7,13.9,86,-115.6
Johnny Mundt,TE,3052096,6.0,ACTIVE,1.9,13.9,87,-115.6
Ian Thomas,TE,4045305,5.8,ACTIVE,1.8,12.5,88,-115.8
Kaleb Johnson,RB,4819231,6.8,ACTIVE,1.2,18.5,90,-116.7
Adam Prentice,RB,3929914,6.7,ACTIVE,0.9,16.2,91,-116.8
Connor Heyward,RB,4241961,6.6,ACTIVE,1.0,16.2,92,-116.9
Michael Burton,RB,2515270,6.6,ACTIVE,6.7,6.7,93,-116.9
Chimere Dike,WR,4431268,29.0,ACTIVE,5.6,69.2,115,-117.3
Isaiah Bond,WR,4808839,28.6,QUESTIONABLE,6.8,72.6,116,-117.7
Zavion Thomas,WR,4869748,28.5,ACTIVE,28.7,28.7,117,-117.8
Max Bredeson,RB,4878695,5.6,ACTIVE,5.6,5.6,94,-117.9
Andrew Beck,RB,3125107,5.5,ACTIVE,0.8,13.8,95,-118.0
Riley Nowakowski,RB,4693370,5.1,ACTIVE,5.1,5.1,96,-118.4
Skyler Bell,WR,4683153,27.7,ACTIVE,27.8,27.8,118,-118.6
Reggie Gilliam,RB,4039505,4.9,ACTIVE,0.7,12.0,97,-118.6
Patrick Ricard,RB,2975417,4.7,ACTIVE,0.7,11.9,98,-118.8
Hollywood Brown,WR,4241372,27.4,ACTIVE,6.1,66.9,119,-118.9
Chris Manhertz,TE,2531358,2.6,ACTIVE,0.7,5.7,89,-119.0
Tutu Atwell,WR,4360797,24.9,ACTIVE,4.2,65.3,120,-121.4
Olamide Zaccheaus,WR,3917914,24.7,ACTIVE,5.2,60.8,121,-121.6
British Brooks,RB,4373273,1.6,QUESTIONABLE,0.2,3.9,99,-121.9
Colbie Young,WR,5092508,24.2,ACTIVE,24.2,24.2,122,-122.1
Ashton Dulin,WR,4061956,23.6,ACTIVE,3.6,62.2,123,-122.7
Brenen Thompson,WR,4685553,22.5,QUESTIONABLE,22.5,22.5,124,-123.8
Roman Wilson,WR,4431492,22.5,ACTIVE,,,125,-123.8
Isaiah Williams,WR,4569371,21.0,ACTIVE,4.5,51.4,126,-125.3
Elijah Sarratt,WR,5088338,20.6,ACTIVE,20.7,20.7,127,-125.7
Jaylin Lane,WR,4602667,20.5,ACTIVE,4.8,51.7,128,-125.8
Odell Beckham Jr.,WR,16733,19.1,ACTIVE,19.2,19.2,129,-127.2
Elic Ayomanor,WR,4883647,18.9,ACTIVE,3.7,46.3,130,-127.4
Tez Johnson,WR,4608810,17.2,ACTIVE,3.6,42.6,131,-129.1
Jordan Whittington,WR,4569382,16.9,ACTIVE,3.7,43.4,132,-129.4
Jimmy Horn Jr.,WR,4708486,16.7,ACTIVE,2.7,44.5,133,-129.6
Konata Mumpfield,WR,4710855,15.8,ACTIVE,3.4,38.2,134,-130.5
Barion Brown,WR,4698597,15.0,ACTIVE,15.0,15.0,135,-131.3
Demarcus Robinson,WR,3043116,14.9,ACTIVE,2.9,36.4,136,-131.4
KeAndre Lambert-Smith,WR,4430870,14.5,ACTIVE,2.2,35.7,137,-131.8
Luke McCaffrey,WR,4426948,14.3,ACTIVE,2.4,38.9,138,-132.0
Jalen Royals,WR,5082630,14.1,ACTIVE,14.1,14.1,139,-132.2
Laquon Treadwell,WR,3051889,12.9,ACTIVE,2.1,32.8,140,-133.4
Bo Melton,WR,4259305,12.6,ACTIVE,2.7,32.0,141,-133.7
Malachi Corley,WR,4613104,10.4,ACTIVE,1.9,27.2,142,-135.9
Xavier Smith,WR,4386544,7.7,ACTIVE,1.8,18.1,143,-138.6
Derius Davis,WR,4362477,7.7,ACTIVE,1.5,20.6,144,-138.6
Efton Chism III,WR,4695193,7.5,ACTIVE,,,145,-138.8
Jacob Cowing,WR,4575665,7.3,QUESTIONABLE,,,146,-139.0
Jonathan Mingo,WR,4426485,6.9,ACTIVE,6.9,6.9,147,-139.4
Jahdae Walker,WR,5160110,6.5,ACTIVE,1.0,17.5,148,-139.8
Tai Felton,WR,4565185,6.2,ACTIVE,1.4,15.0,149,-140.1
Darius Cooper,WR,4715355,6.1,ACTIVE,1.1,15.5,150,-140.2
Josh Cameron,WR,4879194,6.0,ACTIVE,,,151,-140.3
Brycen Tremayne,WR,4360763,5.6,ACTIVE,1.2,14.0,152,-140.7
Reggie Virgil,WR,4869132,5.5,ACTIVE,5.6,5.6,153,-140.8
Shedeur Sanders,QB,4432762,142.8,ACTIVE,21.8,310.5,31,-141.6
Arian Smith,WR,4429105,3.2,ACTIVE,0.8,7.9,154,-143.1
Ben Skowronek,WR,4035656,2.3,QUESTIONABLE,0.5,5.8,155,-144.0
Kameron Johnson,WR,5097554,1.6,ACTIVE,0.3,4.0,156,-144.7
Kaden Wetjen,WR,5081338,1.5,ACTIVE,1.5,1.5,157,-144.8
Tua Tagovailoa,QB,4241479,114.8,ACTIVE,36.7,192.4,32,-169.6
Michael Penix Jr.,QB,4360423,113.0,QUESTIONABLE,16.3,247.0,33,-171.4
Deshaun Watson,QB,3122840,78.3,ACTIVE,78.0,78.0,34,-206.1
Kirk Cousins,QB,14880,45.8,ACTIVE,6.7,98.9,35,-238.6
Carson Beck,QB,4430841,28.5,ACTIVE,28.5,28.5,36,-255.9
Joe Flacco,QB,11252,9.9,ACTIVE,1.5,20.8,37,-274.5
Justin Fields,QB,4362887,9.6,ACTIVE,1.5,20.8,38,-274.8
Tommy DeVito,QB,4240391,9.5,ACTIVE,9.5,9.5,39,-274.9
Tyson Bagent,QB,4434153,9.4,ACTIVE,9.3,9.3,40,-275.0
Jarrett Stidham,QB,3892775,9.4,ACTIVE,9.4,9.4,41,-275.0
Tanner McKee,QB,4685201,9.1,ACTIVE,9.0,9.0,42,-275.3
J.J. McCarthy,QB,4433970,9.0,QUESTIONABLE,1.3,19.9,43,-275.4
Ty Simpson,QB,4685522,8.8,ACTIVE,8.9,8.9,44,-275.6
Tyrod Taylor,QB,14163,8.8,ACTIVE,8.7,8.7,45,-275.6
Marcus Mariota,QB,2576980,8.7,QUESTIONABLE,1.3,19.1,46,-275.7
Quinn Ewers,QB,4889929,8.7,ACTIVE,8.7,8.7,47,-275.7
Kenny Pickett,QB,4240703,8.7,ACTIVE,8.6,8.6,48,-275.7
Drew Allar,QB,4714771,8.6,ACTIVE,8.6,8.6,49,-275.8
Riley Leonard,QB,4683423,8.6,ACTIVE,8.5,8.5,50,-275.8
Spencer Rattler,QB,4426339,8.2,ACTIVE,1.3,17.2,51,-276.2
Sam Howell,QB,4426875,8.2,ACTIVE,8.2,8.2,52,-276.2
Jameis Winston,QB,2969939,8.0,ACTIVE,0.9,15.1,53,-276.4
Trey Lance,QB,4383351,8.0,ACTIVE,7.9,7.9,54,-276.4
Mac Jones,QB,4241464,7.7,ACTIVE,1.1,16.2,55,-276.7
Tyler Huntley,QB,4035671,7.7,ACTIVE,7.7,7.7,56,-276.7
Mitchell Trubisky,QB,3039707,7.5,QUESTIONABLE,7.5,7.5,57,-276.9
Kyle Allen,QB,3115293,7.4,ACTIVE,7.4,7.4,58,-277.0
Drew Lock,QB,3924327,7.2,ACTIVE,7.2,7.2,59,-277.2
Davis Mills,QB,4242546,7.2,ACTIVE,7.1,7.1,60,-277.2
Cade Klubnik,QB,4685413,6.9,ACTIVE,6.9,6.9,61,-277.5
Gardner Minshew II,QB,4038524,6.3,ACTIVE,6.3,6.3,62,-278.1
