season,puesto,team_id,equipo,manager,w,l,pf
2010,1,2,The Returners,Mauricio,11,3,1874.72
2010,2,5,Coitus Interrupted,Luis Carlos,9,5,1981.88
2010,3,3,Mean Machine,Sergio,8,6,1964.58
2010,4,4,El Real McCoy,,,,
2010,5,1,Big Ben her over,,,,
2010,6,6,LEONS,,,,
2010,7,7,YoureMine,,,,
2010,8,8,CALZETO,,,,
2011,1,10,Cheater's Team,Spooky,10,4,2011.86
2011,2,6,LEONS,Brian,9,5,1915.54
2011,3,4,Frank has TANKed,Nicholas,8,6,1823.44
2011,4,1,Big Ben her over,,,,
2011,5,5,The Fantasy GURU,,,,
2011,6,2,Touchdown There,,,,
2011,7,3,Mean Machine,,,,
2011,8,8,HongKongHustle,,,,
2011,9,7,YoureMine,,,,
2011,10,9,The Teabaggers,,,,
2012,1,7,Albino Greens,Julian,10,4,1853.44
2012,2,1,Big Ben her over,Daniel,9,5,1820.02
2012,3,4,Manning Up,Nicholas,10,4,2002.08
2012,4,5,COITUS INTERRUPTED THE IV,,,,
2012,5,2,0 and 4 and 6 to go,,,,
2012,6,3,Mean Machine,,,,
2012,7,10,Your fucking fired,,,,
2012,8,6,LEONS,,,,
2012,9,9,The Teabaggers,,,,
2012,10,8,HongKongHustle,,,,
2013,1,6,WORLD CHAMPION LEONS,Brian,9,5,1948.14
2013,2,5,COITUS Interrupted Da V,Luis Carlos,12,2,2006.7
2013,3,4,Manning Up,Nicholas,12,2,2140.2
2013,4,9,The Teabaggers,,,,
2013,5,10,Muchos Negros y un Blanco,,,,
2013,6,7,Albino Greens,,,,
2013,7,2,CFC,,,,
2013,8,1,Big Ben her over,,,,
2013,9,8,Little Gomez's Underachievers,,,,
2013,10,3,General Hospital,,,,
2014,1,1,Click-Clackin Rivers of Cum,Daniel,9,4,1649.86
2014,2,12,THE DICK-TATOR,Fernando,7,6,1523.98
2014,3,4,BEASTMODE,Nicholas,9,4,1852.76
2014,4,7,A Black Sheriff,,,,
2014,5,2,CFC,,,,
2014,6,11,suck for luck,,,,
2014,7,9,The Teabaggers,,,,
2014,8,10,white fat runningbacks,,,,
2014,9,6,LA YEON,,,,
2014,10,5,Coitus Interrupted,,,,
2014,11,8,The Pirrians,,,,
2014,12,3,Dominant Twins,,,,
2015,1,4,Discount Double Doughnut,Nicholas,10,3,1725.66
2015,2,10,Monday Nightmares,Andres,8,5,1693.36
2015,3,11,Your Nightmare,Renzo,11,2,1856.98
2015,4,12,MONDAY WET DREAMS,,,,
2015,5,2,CFC,,,,
2015,6,3,The Squirt Producers,,,,
2015,7,6,ADRIAN Y LA YEON,,,,
2015,8,9,The Teabaggers,,,,
2015,9,1,Click-Clacking deflated nigs,,,,
2015,10,8,FOREST HILL,,,,
2015,11,5,Burping it out,,,,
2015,12,7,JnJ 4 UR VJJ,,,,
2016,1,4,Rookies and Old Timers,Nicholas,11,2,1815.62
2016,2,12,Montgomery Warts,Fernando,10,3,1756.14
2016,3,9,The Unlucky MoFos,Gustavo,6,7,1626.26
2016,4,10,Monday Nightmares,,,,
2016,5,5,Koitus Interrupted,,,,
2016,6,11,N W A,,,,
2016,7,8,FOREST HILL,,,,
2016,8,6,LA YEON,,,,
2016,9,3,The Squirt Producers,,,,
2016,10,7,JnJ 4 UR VJJ,,,,
2016,11,2,CFC,,,,
2016,12,1,Click-Clacking deflated nigs,,,,
2017,1,2,The Dak Side,Rodrigo,9,5,1775.98
2017,2,11,N W A,Renzo,10,4,1766.7
2017,3,1,la zero 8,Diego,10,4,1797.84
2017,4,6,YULIANA'S REVENGE,,,,
2017,5,10,Monday Nightmares,,,,
2017,6,4,Real Monday Nightmares,,,,
2017,7,7,51 years and counting,,,,
2017,8,5,Le Sheriff Consolateur,,,,
2017,9,3,The Squirt Producers,,,,
2017,10,12,bench warmers,,,,
2018,1,10,Monday  Nightmares,Andres,9,4,1904.92
2018,2,4,ABC,Nicholas,9,4,1717.78
2018,3,11,Miami Miracles,Renzo,9,4,1709.06
2018,4,2,Raw Dawg,,,,
2018,5,13,Victorious Secret,,,,
2018,6,14,Ferchos,,,,
2018,7,1,la zero 8,,,,
2018,8,5,Yo No Limpio,,,,
2018,9,6,LOCOCHINO,,,,
2018,10,3,The Squirt Producers,,,,
2018,11,8,Game of Joe,,,,
2018,12,12,KPulido,,,,
2018,13,9,Nigger's,,,,
2018,14,7,El Lechon Retardado,,,,
2019,1,14,Ferchos,Camilo,8,5,1532.0
2019,2,9,SisasParce,Alejandro,8,5,1542.08
2019,3,4,ABC,Nicholas,9,4,1510.54
2019,4,2,Raw Dawg,,,,
2019,5,18,Jenny Ambuila Chara,,,,
2019,6,6,Koreano Go Loko,,,,
2019,7,13,Victorious Secret,,,,
2019,8,3,The Squirt Producers,,,,
2019,9,17,IsWar,,,,
2019,10,7,Yo SI necesito QB,,,,
2019,11,10,Monday  Nightmares,,,,
2019,12,11,Miami Miracles,,,,
2019,13,12,KPulido,,,,
2019,14,8,Game of Joe,,,,
2019,15,15,Jeffrey Epstein,,,,
2019,16,1,la zero 8,,,,
2019,17,5,Hkna,,,,
2019,18,16,ASU,,,,
2020,1,12,Smile Candid Kamara,Kike,8,5,1752.4
2020,2,14,Ferchos,Camilo,8,5,1803.5
2020,3,2,Raw Dawg,Rodrigo,7,6,1609.86
2020,4,5,Patrick Cheetah,,,,
2020,5,13,Victorious Secret,,,,
2020,6,4,ABC,,,,
2020,7,10,Monday  Nightmares,,,,
2020,8,6,LOKORONA,,,,
2020,9,7,Please sweet little baby Jesus,,,,
2020,10,1,la zero 8,,,,
2020,11,17,IsWar,,,,
2020,12,3,The Squirt Producers,,,,
2021,1,5,Clydesdales and Bisons,Luis Carlos,11,3,2283.84
2021,2,4,Red Solo Kupp,Nicholas,10,4,2322.18
2021,3,12,Your Reigning Champ,Kike,7,7,2098.1
2021,4,10,Monday  Nightmares,,,,
2021,5,2,Raw Dawg,,,,
2021,6,9,MiamiDolphins1972,,,,
2021,7,13,Victorious Secret,,,,
2021,8,1,la zero 8,,,,
2021,9,14,Ferchos,,,,
2021,10,17,PAW PATROL,,,,
2021,11,3,Bolivia,,,,
2021,12,6,LOKOREA,,,,
2021,13,8,Karen Abudinen,,,,
2021,14,7,ER,,,,
2022,1,12,Kelce Ya Later,Kike,12,2,2163.06
2022,2,5,The year of the Plankton,Luis Carlos,10,4,2306.74
2022,3,17,PAW PATROL,Santiago E,8,6,2186.4
2022,4,4,Mayor Humdinger,,,,
2022,5,3,Bolivia,,,,
2022,6,8,Show me them TDs,,,,
2022,7,13,Victorious Secret,,,,
2022,8,2,Raw Dawg,,,,
2022,9,14,Ferchos,,,,
2022,10,9,MiamiDolphins1972,,,,
2022,11,7,Mucho hijo de Wil,,,,
2022,12,10,Los Meros Repochanboys,,,,
2022,13,6,LOKOAUTODRAFTO,,,,
2022,14,1,supernat,,,,
2023,1,14,Ferchos,Camilo,10,4,2381.44
2023,2,15,The Goats,Andres,9,5,2122.48
2023,3,4,ComNich,Nicholas,11,3,2370.38
2023,4,13,Victorious Secret,,,,
2023,5,12,KeepMyTeamNameOuttaYoFMouth,,,,
2023,6,5,Better Dayz,,,,
2023,7,3,Bolivia,,,,
2023,8,11,TuPapa,,,,
2023,9,8,Amon-Ra Dogging,,,,
2023,10,6,LOKOPAPI23,,,,
2023,11,7,Skirt Team Ya noooooooooooo,,,,
2023,12,2,Raw Dawg,,,,
2023,13,9,MiamiDolphins1972,,,,
2023,14,1,los aguafiestas,,,,
2023,15,10,Stat Correctors,,,,
2023,16,17,LA PATRULLA,,,,
2024,1,14,Ferchos,Camilo,8,6,2284.9
2024,2,11,TuPapa,Alejandro,10,4,2370.56
2024,3,3,Bolivia,Sergio,9,5,1984.88
2024,4,12,KeepMyTeamNameOuttaYoFMouth,,,,
2024,5,16,Hurts Like a Lamb,,,,
2024,6,1,Ayayay,,,,
2024,7,10,Stat Correctors,,,,
2024,8,2,Raw Dawg,,,,
2024,9,8,La Vamba,,,,
2024,10,4,ComNich,,,,
2024,11,9,Panamanian Pimps,,,,
2024,12,7,White Trash,,,,
2024,13,5,Undistinguished Naggers,,,,
2024,14,13,Victorious Secret,,,,
2024,15,15,The Goats,,,,
2024,16,6,LEONRAWRI,,,,
2025,1,8,Victorious Secret,"Santiago, Steve",9,5,2585.11
2025,2,4,ComNich,Nicholas,7,7,2258.42
2025,3,16,Dak Marrvelous,Santiago E,9,5,2273.92
2025,4,9,Panamanian Pimps,,,,
2025,5,10,No Team for Old Men,,,,
2025,6,3,Bolivia,,,,
2025,7,2,Raw Dawg,,,,
2025,8,14,Ferchos,,,,
2025,9,7,White Trash,,,,
2025,10,5,The Nest,,,,
2025,11,12,KeepMyTeamNameOuttaYoFMouth,,,,
2025,12,6,LEONRAWRII,,,,
2025,13,1,Ayayay,,,,
2025,14,11,Team 11,,,,
