semana,equipo,puntos
1,Ayayay,166.72
1,Back 2 Back,126.39
1,Bolivia,166.9
1,ComNich,157.75
1,EZWAR,291.2
1,Ferchos,201.24
1,Injury Report,117.94
1,KeepMyTeamNameOuttaYoFMouth,186.15
1,Panamanian P!mps,101.72
1,R.I.P,145.29
1,Raw Dawg,181.7
1,SGB,131.51
1,The Replacements,129.97
1,Tua Lipa,173.86
1,Victorious Secret,192.67
1,el.ai.on,196.4
2,Ayayay,176.03
2,Back 2 Back,162.1
2,Bolivia,122.69
2,ComNich,189.01
2,EZWAR,197.9
2,Ferchos,190.22
2,Injury Report,138.39
2,KeepMyTeamNameOuttaYoFMouth,144.39
2,Panamanian P!mps,215.17
2,R.I.P,126.28
2,Raw Dawg,149.55
2,SGB,147.06
2,The Replacements,154.94
2,Tua Lipa,111.67
2,Victorious Secret,99.88
2,el.ai.on,172.71
3,Ayayay,156.23
3,Back 2 Back,185.64
3,Bolivia,146.82
3,ComNich,142.64
3,EZWAR,142.14
3,Ferchos,178.29
3,Injury Report,175.12
3,KeepMyTeamNameOuttaYoFMouth,139.78
3,Panamanian P!mps,204.75
3,R.I.P,129.49
3,Raw Dawg,201.14
3,SGB,171.28
3,The Replacements,159.48
3,Tua Lipa,164.23
3,Victorious Secret,135.79
3,el.ai.on,175.03
4,Ayayay,189.48
4,Back 2 Back,146.34
4,Bolivia,171.06
4,ComNich,221.45
4,EZWAR,134.58
4,Ferchos,180.4
4,Injury Report,154.21
4,KeepMyTeamNameOuttaYoFMouth,113.63
4,Panamanian P!mps,148.64
4,R.I.P,111.15
4,Raw Dawg,109.37
4,SGB,143.87
4,The Replacements,186.86
4,Tua Lipa,161.78
4,Victorious Secret,220.41
4,el.ai.on,174.91
