nombre,pos,rank_pos,edad,pg,eg,total_v2,vbd2,espn_id,p10,p25,p50,p75,p90
Josh Allen,QB,1,30,29.39,14.9,437.6,204.1,3918298,262.9,371.9,454.9,531.7,606.2
Puka Nacua,WR,1,25,22.59,14.6,329.1,165.3,4426515,186.6,258.9,346.1,412.8,486.4
Drake Maye,QB,2,24,26.56,14.9,395.5,162.0,4431452,243.4,340.8,412.0,484.7,556.8
Matthew Stafford,QB,5,38,25.79,14.9,384.0,150.5,12483,228.3,327.6,405.3,474.4,537.3
Jalen Hurts,QB,7,28,25.71,14.9,382.8,149.3,4040715,203.7,318.5,397.9,467.2,530.6
Ja'Marr Chase,WR,2,26,21.48,14.6,312.9,149.1,4362628,169.7,244.8,321.9,385.2,451.3
Joe Burrow,QB,3,30,26.45,13.7,361.7,147.4,3915511,121.5,293.4,384.1,459.8,536.4
Jahmyr Gibbs,RB,1,24,23.75,13.5,319.5,146.7,4429795,106.4,222.4,331.4,431.8,531.0
Jaxon Smith-Njigba,WR,3,24,20.89,14.6,304.4,140.5,4430878,164.6,234.4,314.1,377.6,447.9
Amon-Ra St. Brown,WR,4,27,20.59,14.6,300.0,136.1,4374302,164.2,235.4,309.9,376.0,448.0
Dak Prescott,QB,9,33,24.76,14.9,368.6,135.1,2577417,213.0,315.9,384.0,447.9,515.8
Bijan Robinson,RB,2,24,22.82,13.5,306.9,134.2,4430807,118.5,220.0,315.3,415.2,512.1
Patrick Mahomes,QB,11,31,24.52,14.9,365.1,131.6,3139477,207.6,308.3,379.2,443.8,506.1
Trevor Lawrence,QB,13,27,23.96,14.9,356.7,123.2,4360310,202.2,303.2,370.5,440.5,497.7
Brock Purdy,QB,10,27,24.67,13.7,337.3,123.0,4361741,171.6,281.0,363.4,435.1,491.0
Christian McCaffrey,RB,3,30,21.83,13.5,293.7,120.8,3117251,119.0,214.3,309.0,396.7,487.7
Jared Goff,QB,14,32,23.73,14.9,353.4,119.8,3046779,208.6,300.3,366.8,431.2,489.5
Justin Herbert,QB,15,28,23.71,14.9,353.0,119.5,4038941,207.0,309.0,370.4,437.4,497.0
Bo Nix,QB,8,26,24.81,12.6,313.8,114.9,4426338,97.7,195.4,325.3,426.8,529.1
Caleb Williams,QB,17,25,23.39,14.9,348.2,114.7,4431611,210.0,299.2,364.8,425.0,480.0
CeeDee Lamb,WR,6,27,18.7,14.6,272.5,108.5,4241389,154.2,209.7,280.5,334.4,396.6
Jaxson Dart,QB,12,23,24.08,12.6,304.6,105.7,4689114,90.0,195.4,313.7,410.1,509.9
Jonathan Taylor,RB,4,27,20.62,13.5,277.4,104.5,4242335,105.4,198.7,290.5,376.7,473.8
Justin Jefferson,WR,5,27,18.77,13.8,259.3,103.5,4262921,96.2,170.0,256.0,344.5,431.0
Jayden Daniels,QB,6,26,25.73,9.1,233.3,91.4,4426348,27.3,82.0,205.8,385.9,437.4
Lamar Jackson,QB,4,29,26.18,8.6,224.0,90.2,3916387,32.2,78.7,187.7,363.3,489.8
Jordan Love,QB,18,28,22.65,12.6,286.4,87.7,4036378,83.9,186.5,295.9,394.1,486.2
Baker Mayfield,QB,19,31,22.36,12.6,282.8,84.0,3052587,83.0,168.9,293.8,388.5,468.2
Trey McBride,TE,1,27,15.19,14.1,214.3,83.5,4361307,107.8,160.3,217.4,273.4,325.3
De'Von Achane,RB,5,25,19.05,13.5,256.2,83.3,4429160,99.4,179.2,260.1,344.2,430.7
Drake London,WR,7,25,17.07,13.8,235.0,80.0,4426502,61.7,170.7,252.4,306.5,361.6
James Cook III,RB,6,27,18.3,13.5,246.2,73.2,4379399,96.3,177.8,253.0,328.7,413.8
Derrick Henry,RB,7,32,18.27,13.5,245.7,72.8,3043078,91.7,173.6,254.4,326.9,410.7
Kyler Murray,QB,16,29,23.6,9.1,214.0,72.0,3917315,25.1,75.2,175.5,330.4,401.2
Brock Bowers,TE,2,24,15.08,12.4,187.4,72.0,4432665,84.8,128.0,184.7,242.0,292.5
Rashee Rice,WR,8,26,16.33,13.8,224.9,69.8,4428331,67.4,173.9,243.4,295.2,348.7
Ashton Jeanty,RB,8,23,18.01,13.5,242.2,69.3,4890973,95.1,174.2,250.7,326.1,398.7
Sam Darnold,QB,22,29,20.98,12.6,265.3,66.7,3912547,79.0,168.3,282.8,367.6,445.2
A.J. Brown,WR,10,29,15.83,14.6,230.7,66.6,4047646,129.9,180.2,234.7,286.5,338.3
Chris Olave,WR,11,26,15.83,14.6,230.6,66.6,4361370,128.6,177.6,236.6,287.7,335.7
C.J. Stroud,QB,23,25,20.96,12.6,265.1,66.4,4432577,80.8,164.5,273.7,357.2,448.1
Saquon Barkley,RB,9,29,17.77,13.5,239.1,66.0,3929630,87.2,171.0,244.8,322.4,402.8
Breece Hall,RB,11,25,17.76,13.5,238.9,65.9,4427366,85.3,165.6,242.7,316.9,401.5
Nico Collins,WR,12,27,15.76,14.6,229.7,65.6,4258173,125.3,178.1,233.6,280.6,335.2
Kenneth Walker III,RB,12,26,17.65,12.8,225.8,61.1,4567048,59.7,119.4,217.1,331.3,467.6
Chase Brown,RB,13,26,17.39,13.5,233.8,60.9,4362238,85.4,163.1,236.7,305.2,384.8
Garrett Wilson,WR,9,26,15.89,12.5,197.8,57.8,4569618,54.6,122.9,193.6,262.3,325.8
Zay Flowers,WR,14,26,15.12,14.6,220.3,56.2,4429615,121.2,172.2,227.6,273.2,317.1
George Pickens,WR,15,25,15.11,14.6,220.1,56.1,4426354,121.6,169.4,223.7,267.6,319.9
Jeremiyah Love,RB,10,21,17.76,11.4,201.9,55.6,4870808,202.5,202.5,202.5,202.5,202.5
Tyler Shough,QB,20,27,22.1,8.6,189.0,55.1,4360689,27.8,65.6,153.9,301.4,406.7
Tyler Warren,TE,3,24,13.18,14.1,186.0,55.1,4431459,87.2,134.7,186.2,235.0,282.3
Geno Smith,QB,24,36,20.05,12.6,253.5,54.9,15864,78.5,164.6,267.3,347.0,430.5
Tetairoa McMillan,WR,17,23,15.0,14.6,218.6,54.5,4685472,125.2,170.2,222.0,269.0,319.0
Omarion Hampton,RB,15,23,16.81,13.8,231.3,54.2,4685382,112.1,164.6,236.0,299.6,367.2
Bryce Young,QB,25,25,19.98,12.6,252.7,54.1,4685720,70.5,152.2,257.4,344.7,432.7
Daniel Jones,QB,21,29,21.92,8.6,187.5,53.6,3917792,29.5,69.6,146.3,303.2,407.1
Javonte Williams,RB,14,26,16.83,13.5,226.4,53.3,4361579,86.7,158.8,229.9,305.9,386.6
DeVonta Smith,WR,16,28,15.1,13.8,208.6,52.9,4241478,65.5,129.1,203.0,274.2,341.6
Malik Nabers,WR,13,23,15.4,11.8,181.8,48.7,4595348,107.8,180.0,212.7,245.4,261.8
Davante Adams,WR,18,34,14.54,14.6,211.9,47.7,16800,122.2,167.9,217.9,263.7,310.4
Colston Loveland,TE,4,22,12.9,12.8,165.0,46.5,4723086,52.7,94.2,166.4,259.4,392.3
Josh Jacobs,RB,16,28,16.28,13.5,218.9,45.9,4047365,88.5,163.8,225.9,291.9,365.3
Emeka Egbuka,WR,19,24,14.5,13.8,200.4,44.6,4567750,74.9,138.8,203.9,265.4,326.3
Aaron Rodgers,QB,27,43,19.03,12.6,240.6,42.1,8439,72.4,148.2,246.7,329.3,403.0
Travis Etienne Jr.,RB,17,27,15.9,13.5,213.8,40.8,4239996,81.0,158.4,225.0,284.3,355.2
Cam Ward,QB,28,24,18.72,12.6,236.8,38.2,4688380,72.6,149.1,249.1,331.0,401.8
Harold Fannin Jr.,TE,6,22,11.83,14.1,166.9,36.1,5083076,81.9,122.6,168.9,216.7,257.5
Ladd McConkey,WR,20,25,13.87,13.8,191.6,35.9,4612826,65.4,123.9,190.7,251.9,313.1
Tee Higgins,WR,22,27,13.71,14.6,199.7,35.6,4239993,112.4,156.3,207.4,248.6,290.5
George Kittle,TE,5,33,12.05,12.4,149.8,34.5,3040151,71.1,103.2,150.5,195.1,237.1
Malik Willis,QB,26,27,19.34,9.1,175.4,33.2,4242512,20.5,61.6,143.8,290.1,328.8
Brandon Aubrey,K,1,31,11.84,14.7,173.9,33.2,3953687,76.9,135.2,183.4,230.8,284.7
Kyle Pitts Sr.,TE,8,26,11.57,14.1,163.3,32.4,4360248,77.2,119.3,162.7,206.1,245.6
Texans D/ST,DST,1,,9.91,17.0,168.5,32.0,-16034,168.5,168.5,168.5,168.5,168.5
Terry McLaurin,WR,21,31,13.8,12.5,171.8,31.6,3121422,51.8,109.3,172.5,232.3,290.4
Jaylen Waddle,WR,24,28,13.43,14.6,195.7,31.5,4372016,107.8,152.0,200.1,241.6,283.2
Sam LaPorta,TE,7,25,11.73,12.4,145.8,30.5,4430027,68.1,101.3,145.0,189.7,231.1
Jeffery Simmons,DT,1,29,5.28,12.9,68.3,29.7,4035369,28.6,47.9,70.1,92.2,118.6
Blake Cashman,LB,1,30,9.29,13.5,125.5,29.6,3728281,80.8,104.0,128.6,144.1,165.9
Steelers D/ST,DST,2,,9.75,17.0,165.8,29.2,-16023,165.8,165.8,165.8,165.8,165.8
Broncos D/ST,DST,3,,9.71,17.0,165.1,28.6,-16007,165.1,165.1,165.1,165.1,165.1
Jordyn Brooks,LB,2,29,9.15,13.9,127.6,28.5,4043130,53.3,90.9,128.3,159.1,184.5
Kyren Williams,RB,18,26,14.94,13.5,201.0,27.8,4430737,70.5,142.7,208.0,270.9,332.0
Jameson Williams,WR,25,25,13.16,14.6,191.8,27.6,4426388,108.5,151.0,197.3,236.8,281.2
Rome Odunze,WR,23,24,13.45,12.5,167.4,27.2,4431299,46.3,103.3,162.7,222.3,276.7
DJ Moore,WR,26,29,13.15,13.8,181.7,25.9,3915416,60.2,117.7,176.2,238.2,295.9
Quinshon Judkins,RB,19,23,14.88,12.8,190.4,25.6,4685702,53.0,105.7,190.7,280.4,391.9
Travis Kelce,TE,9,37,11.06,14.1,156.1,25.2,15847,75.6,116.1,156.5,197.0,237.1
Cam Skattebo,RB,20,24,14.68,13.8,201.9,24.8,4696981,99.5,145.2,200.8,261.8,322.3
Dallas Goedert,TE,10,31,10.98,14.1,155.0,24.1,3121023,75.0,114.7,158.0,201.5,238.4
Cameron Dicker,K,2,26,11.22,14.7,164.8,24.1,4362081,67.3,128.0,173.3,214.9,266.4
Seahawks D/ST,DST,4,,9.4,17.0,159.7,23.3,-16026,159.7,159.7,159.7,159.7,159.7
Ravens D/ST,DST,5,,9.38,17.0,159.4,23.0,-16033,159.4,159.4,159.4,159.4,159.4
Rams D/ST,DST,6,,9.37,17.0,159.2,22.8,-16014,159.2,159.2,159.2,159.2,159.2
Courtland Sutton,WR,29,31,12.76,14.6,185.9,21.8,3128429,106.4,146.7,192.7,230.6,269.5
Ka'imi Fairbairn,K,3,32,11.04,14.7,162.1,21.5,2971573,63.0,123.8,169.2,211.3,261.8
Luther Burden III,WR,27,23,12.98,12.4,160.4,21.2,4685278,34.6,81.5,158.3,271.5,391.0
Maxx Crosby,DE,1,29,5.62,13.4,75.1,20.9,3916655,31.2,53.7,75.5,101.3,129.3
Nick Emmanwori,CB,1,22,6.85,13.0,89.3,20.1,4869523,35.1,63.2,90.2,118.9,150.2
Jason Myers,K,4,35,10.86,14.7,159.5,18.8,2473037,63.2,119.4,165.7,209.6,258.7
Carnell Tate,WR,28,21,12.78,12.4,157.9,18.7,4871023,158.5,158.5,158.5,158.5,158.5
Tucker Kraft,TE,11,26,10.7,12.4,133.0,17.7,4572680,61.3,88.1,130.2,171.4,210.2
Kamari Lassiter,CB,2,23,6.62,13.0,86.3,17.2,4602699,33.5,59.8,88.1,119.0,151.1
Fred Warner,LB,3,30,8.5,12.2,103.9,17.1,3138826,103.7,103.7,103.7,103.7,103.7
Jack Campbell,LB,4,26,8.31,13.9,115.9,16.8,4569465,51.2,82.9,117.2,144.5,164.9
Eddy Pineiro,K,6,31,10.69,14.7,157.0,16.3,4034949,66.9,120.2,167.2,205.8,254.8
Lions D/ST,DST,7,,8.99,17.0,152.8,16.3,-16008,152.8,152.8,152.8,152.8,152.8
Nick Bolton,LB,5,26,8.27,13.9,115.2,16.3,4362759,48.0,80.9,115.9,143.8,164.2
Harrison Mevis,K,5,24,10.72,13.8,148.2,15.7,4574716,51.4,104.8,159.3,205.0,257.1
Jacoby Brissett,QB,29,34,16.93,12.6,214.2,15.6,2578570,63.0,131.8,219.2,292.7,360.6
Tykee Smith,S,1,25,6.94,13.9,96.7,15.3,4428522,62.5,83.4,104.6,125.5,140.6
DK Metcalf,WR,31,29,12.3,14.6,179.1,15.0,4047650,98.4,138.0,181.8,221.5,262.6
Mark Andrews,TE,12,31,10.42,12.8,133.4,14.7,3116365,40.3,72.8,125.8,190.4,288.9
Michael Pittman Jr.,WR,30,29,12.33,13.8,170.4,14.6,4035687,60.7,110.3,165.7,226.1,279.3
Jake Ferguson,TE,13,27,10.25,14.1,144.7,13.8,4242355,71.0,109.0,147.8,185.4,219.5
Quentin Lake,CB,3,27,6.59,10.5,69.0,13.5,4249128,17.7,37.7,67.7,100.8,129.3
Brian Burns,DE,3,28,5.06,13.4,67.6,13.4,4035631,29.5,45.9,68.2,90.3,112.9
Cedric Gray,LB,6,24,8.04,13.9,112.1,13.1,4429834,46.8,81.7,113.1,140.4,159.6
Kyle Hamilton,S,2,25,6.78,13.9,94.5,13.1,4575517,58.7,81.5,102.7,123.4,137.3
Foyesade Oluokun,LB,7,31,8.02,13.9,111.8,12.8,3050073,48.1,81.4,112.9,139.3,159.1
Andrew Van Ginkel,DE,2,31,5.16,10.9,56.1,12.0,3133487,15.1,32.6,55.2,79.7,104.9
DeForest Buckner,DT,2,32,4.1,10.7,43.8,12.0,2971282,10.9,25.2,44.9,63.7,84.0
Marvin Harrison Jr.,WR,32,24,12.18,12.5,151.6,11.4,4432708,40.9,91.5,148.5,204.9,249.3
Nick Bosa,DE,4,29,4.86,13.4,65.0,10.7,4040605,65.1,65.1,65.1,65.1,65.1
Derrick Brown,DT,3,28,3.8,12.9,49.2,10.6,4035495,20.7,34.3,48.8,65.2,84.7
Eagles D/ST,DST,8,,8.65,17.0,147.0,10.5,-16021,147.0,147.0,147.0,147.0,147.0
Will Anderson Jr.,DE,5,25,4.83,13.4,64.5,10.3,4685724,29.2,45.8,65.9,86.4,113.7
Carson Schwesinger,LB,8,23,7.83,13.9,109.2,10.1,4876017,50.0,79.3,111.1,136.1,154.2
Myles Garrett,DE,6,31,4.8,13.4,64.1,9.9,3122132,28.9,44.7,63.7,86.6,109.0
Dallas Turner,DE,7,23,4.79,13.4,64.1,9.8,4565190,27.9,44.6,64.2,85.2,107.7
Tyson Campbell,CB,6,26,6.05,13.0,78.9,9.8,4379397,32.5,56.6,81.6,106.9,137.9
Budda Baker,S,3,30,6.51,13.9,90.7,9.3,3127287,53.5,77.4,96.5,117.5,131.5
Christian Gonzalez,CB,9,24,5.99,13.0,78.1,9.0,4686772,33.5,56.4,79.6,106.1,132.8
Devon Witherspoon,CB,4,26,6.14,10.5,64.3,8.8,4575431,16.5,36.7,65.4,92.0,122.4
Quinnen Williams,DT,4,29,3.66,12.9,47.3,8.8,4040982,19.8,33.2,47.7,64.1,82.9
Patriots D/ST,DST,9,,8.53,17.0,145.0,8.5,-16017,145.0,145.0,145.0,145.0,145.0
Jeremy Chinn,S,5,28,6.45,13.9,89.9,8.5,4043169,55.1,76.7,96.7,115.3,128.9
Paulson Adebo,CB,5,27,6.1,10.5,63.9,8.4,4242547,16.5,37.1,66.6,94.3,121.4
Derwin James Jr.,S,4,30,6.45,13.6,87.7,8.3,3691739,39.2,65.4,92.4,118.0,155.4
Ernest Jones IV,LB,9,27,7.69,13.9,107.2,8.2,4362851,46.1,75.2,105.7,133.7,153.5
Aidan Hutchinson,DE,8,26,4.67,13.4,62.4,8.2,4372099,24.4,41.0,61.8,83.6,107.5
T.J. Watt,DE,9,32,4.67,13.4,62.4,8.2,3045282,29.8,44.9,63.8,84.3,106.6
Talanoa Hufanga,S,6,26,6.42,13.9,89.5,8.1,4360853,57.3,76.4,96.1,116.8,129.7
Harrison Butker,K,7,31,10.12,14.7,148.7,7.9,3055899,65.8,117.9,155.1,194.8,241.1
D'Andre Swift,RB,21,27,13.46,13.5,181.1,7.8,4259545,73.9,130.1,187.3,245.4,302.6
Jamien Sherwood,LB,10,26,7.66,13.9,106.8,7.8,4361331,46.0,75.0,106.2,130.4,149.8
Christian Watson,WR,33,27,11.83,13.8,162.8,7.7,4248528,48.7,127.0,175.4,214.7,252.6
DaRon Bland,CB,7,27,6.02,10.5,63.1,7.6,4248911,15.7,36.5,61.5,89.9,117.6
Kam Curl,S,8,27,6.39,13.9,89.1,7.6,4242154,58.4,76.8,96.3,114.2,127.7
Trent McDuffie,CB,8,26,6.0,10.5,62.8,7.4,4426405,14.9,33.6,62.4,91.0,121.0
Cooper DeJean,CB,10,23,5.87,13.0,76.5,7.4,4682618,32.1,53.1,77.8,103.0,129.7
Cam Little,K,8,23,10.08,14.7,148.1,7.3,4686361,69.2,116.7,156.3,195.6,244.5
Browns D/ST,DST,10,,8.46,17.0,143.8,7.3,-16005,143.8,143.8,143.8,143.8,143.8
Micah Parsons,DE,10,27,4.6,13.4,61.5,7.2,4361423,28.0,43.9,62.6,81.4,105.2
Jalen Pitre,CB,11,27,5.84,13.0,76.2,7.0,4241223,28.3,52.6,75.0,100.6,128.5
T.J. Hockenson,TE,14,29,9.8,12.8,125.4,6.8,4036133,37.0,69.8,120.8,183.5,272.3
Chiefs D/ST,DST,11,,8.43,17.0,143.4,6.8,-16012,143.4,143.4,143.4,143.4,143.4
Bucky Irving,RB,22,24,13.36,13.8,183.8,6.6,4596448,90.6,134.5,187.7,240.2,300.7
Jalen Redmond,DT,5,27,3.49,12.9,45.2,6.6,4360277,19.1,31.7,46.1,61.5,80.2
Brian Branch,S,7,25,6.42,11.3,72.7,6.6,4692025,23.2,45.5,72.1,99.9,133.2
Cameron Heyward,DT,6,37,3.48,12.9,45.0,6.5,13977,18.7,31.6,45.6,61.3,76.9
Alec Pierce,WR,35,26,11.7,14.6,170.5,6.3,4360078,97.1,136.9,176.7,211.5,251.9
Matthew Golden,WR,34,23,11.76,12.4,145.4,6.1,4701936,32.4,70.6,137.6,234.3,349.2
Quay Walker,LB,11,26,7.54,13.9,105.1,6.1,4379416,40.8,74.8,104.4,130.8,150.5
Danielle Hunter,DE,12,32,4.5,13.4,60.2,5.9,2976560,25.7,43.4,61.1,80.4,102.8
Xavier McKinney,S,9,27,6.25,13.9,87.1,5.7,4241470,51.2,73.7,92.1,111.2,123.5
Chargers D/ST,DST,12,,8.36,17.0,142.2,5.6,-16024,142.2,142.2,142.2,142.2,142.2
Chris Boswell,K,9,35,9.95,14.7,146.2,5.4,17372,59.7,113.1,155.2,196.2,236.5
Alex Singleton,LB,12,33,7.49,13.9,104.4,5.4,2612151,47.8,76.1,104.3,130.3,150.7
Vikings D/ST,DST,13,,8.34,17.0,141.8,5.3,-16016,141.8,141.8,141.8,141.8,141.8
Alex Highsmith,DE,11,29,4.52,10.9,49.2,5.0,4037333,13.1,30.1,50.3,69.0,88.3
Isaiah Likely,TE,16,26,9.65,12.8,123.5,4.9,4361050,34.3,65.5,120.1,183.9,286.7
Dalton Kincaid,TE,15,27,9.66,12.4,120.1,4.8,4385690,57.5,85.1,121.4,159.1,190.6
Bhayshul Tuten,RB,23,23,13.29,11.4,151.0,4.7,4882093,25.6,62.2,132.4,251.8,378.6
Nate Landman,LB,13,28,7.43,13.9,103.6,4.6,4243181,43.3,75.2,106.4,129.8,147.4
Will Reichard,K,10,25,9.88,14.7,145.0,4.4,4567104,59.9,111.9,153.4,189.5,228.1
Nick Folk,K,11,42,9.88,14.7,145.1,4.4,10621,62.9,112.9,152.2,192.6,234.6
Jordan Battle,S,10,26,6.16,13.9,85.9,4.4,4567098,50.7,73.4,91.2,111.7,124.5
Jets D/ST,DST,14,,8.26,17.0,140.4,3.9,-16020,140.4,140.4,140.4,140.4,140.4
Cairo Santos,K,12,35,9.84,14.7,144.6,3.8,17427,64.3,114.3,153.5,191.8,234.6
Chase McLaughlin,K,13,30,9.84,14.7,144.4,3.8,3150744,62.2,112.3,151.6,189.5,233.8
Byron Young,DE,13,28,4.34,13.4,58.0,3.8,4875196,25.8,40.2,58.8,78.4,98.6
Zach Charbonnet,RB,24,25,13.17,12.8,168.6,3.7,4426385,44.9,86.5,162.6,244.5,337.5
Ed Oliver,DT,7,29,3.26,12.9,42.2,3.6,4039303,42.1,42.1,42.1,42.1,42.1
Tommy Togiai,DT,8,27,3.25,12.9,42.0,3.5,4361366,16.7,29.1,42.9,57.8,76.0
Nick Cross,S,11,25,6.09,13.9,84.8,3.5,4426403,54.1,72.5,91.0,110.8,123.4
Leonard Williams,DT,9,32,3.23,12.9,41.8,3.2,2971622,17.4,29.7,43.1,56.3,72.7
Nnamdi Madubuike,DT,10,29,3.23,12.9,41.8,3.2,4035245,41.7,41.7,41.7,41.7,41.7
Byron Murphy II,DT,11,24,3.23,12.9,41.7,3.2,4570040,17.7,28.9,42.4,55.6,72.0
Rhamondre Stevenson,RB,25,28,13.11,13.5,176.3,3.1,4569173,67.7,123.6,179.1,233.7,293.0
Parker Washington,WR,36,24,11.48,13.8,158.6,2.9,4432620,54.0,106.0,158.8,205.0,258.0
Tyler Loop,K,14,25,9.78,14.7,143.7,2.9,4697745,67.1,112.5,149.9,189.0,234.7
Nakobe Dean,LB,14,26,7.39,9.8,72.5,2.8,4426340,16.2,35.1,64.7,106.5,153.9
Jake Bates,K,15,27,9.76,14.7,143.3,2.6,4689936,62.5,114.0,150.3,187.2,234.3
Tremaine Edmunds,LB,15,28,7.28,14.2,103.3,2.6,3929950,63.3,81.5,101.6,112.8,129.5
DeShon Elliott,S,12,29,6.03,13.6,82.0,2.6,3929846,82.0,82.0,82.0,82.0,82.0
Chamarri Conner,S,13,26,6.02,13.9,83.9,2.5,4361964,49.7,72.2,90.3,109.8,120.3
Jordan Davis,DT,12,26,3.14,12.9,40.6,2.1,4381558,16.8,28.4,40.3,53.9,69.3
Packers D/ST,DST,15,,8.15,17.0,138.5,2.0,-16009,138.5,138.5,138.5,138.5,138.5
Joshua Metellus,S,14,28,5.96,13.6,81.0,1.6,4046537,32.3,59.1,84.1,109.8,141.5
Jonathan Greenard,DE,14,29,4.2,10.9,45.7,1.5,3916409,12.7,27.4,46.4,65.9,85.5
Jaquan Brisker,S,15,27,5.95,13.6,80.9,1.5,4570044,35.8,57.8,82.7,110.1,144.5
Roquan Smith,LB,16,29,7.2,13.9,100.3,1.4,3915189,45.0,72.9,101.7,126.2,142.9
Tuli Tuipulotu,DE,15,24,4.16,13.4,55.6,1.3,4431442,23.9,38.5,56.0,73.3,93.4
Alontae Taylor,CB,12,28,5.39,13.0,70.3,1.2,4369835,29.6,48.9,71.2,94.0,119.2
Trey Smack,K,16,23,9.65,14.7,141.7,1.0,4869461,141.9,141.9,141.9,141.9,141.9
Adam Butler,DT,14,32,3.06,12.9,39.6,1.0,2972342,17.1,27.8,39.4,51.4,67.9
A.J. Terrell Jr.,CB,13,28,5.37,13.0,70.0,0.9,4239995,27.9,48.9,70.6,94.7,117.8
Malcolm Roach,DT,13,28,3.06,10.7,32.7,0.9,4039064,8.4,18.9,33.2,47.2,61.2
Jakobi Meyers,WR,37,30,11.33,13.8,156.5,0.8,3916433,56.2,103.9,155.5,204.6,254.0
Jalen Thompson,S,16,28,5.9,13.6,80.2,0.8,4043089,32.7,57.1,81.9,106.0,135.5
D.J. Reed,CB,14,30,5.37,10.5,56.3,0.7,3139387,13.2,31.5,55.0,81.0,106.0
Zyon McCollum,CB,15,27,5.37,10.5,56.2,0.7,4250392,14.3,32.2,54.9,79.6,105.8
Jalen Carter,DT,15,25,3.02,10.7,32.3,0.4,4685759,8.1,19.1,32.1,45.4,59.8
Chase Young,DE,16,27,4.08,10.9,44.3,0.2,4241986,11.6,26.2,44.9,62.6,81.8
Tershawn Wharton,DT,16,28,3.0,10.7,32.0,0.2,4058925,8.2,17.9,31.7,45.3,59.5
David Montgomery,RB,26,29,12.88,12.8,164.8,0.0,4035538,40.1,87.2,156.9,237.7,329.7
Mike Evans,WR,38,33,11.27,12.5,140.3,0.0,16737,37.2,85.8,138.2,186.3,230.9
Fernando Mendoza,QB,30,23,15.69,13.3,208.7,0.0,4837248,208.7,208.7,208.7,208.7,208.7
Hunter Henry,TE,17,32,9.27,12.8,118.7,0.0,3046439,33.8,65.8,113.6,177.4,267.0
Evan McPherson,K,17,27,9.58,14.7,140.6,0.0,4360234,58.7,109.1,150.4,183.4,227.2
Buccaneers D/ST,DST,16,,8.03,17.0,136.5,0.0,-16027,136.5,136.5,136.5,136.5,136.5
Saints D/ST,DST,17,,8.03,17.0,136.4,0.0,-16018,136.4,136.4,136.4,136.4,136.4
Robert Spillane,LB,17,31,7.1,9.8,69.6,0.0,3129446,16.3,35.7,65.7,101.8,146.6
DeMarcus Lawrence,DE,17,34,4.06,13.4,54.3,0.0,16802,24.0,36.9,53.8,70.8,90.5
Kool-Aid McKinstry,CB,16,24,5.3,13.0,69.2,0.0,4433975,25.8,46.7,68.6,92.2,115.3
Dax Hill,CB,17,26,5.3,13.0,69.1,0.0,4426422,25.9,48.1,71.5,94.2,118.5
A'Shawn Robinson,DT,17,31,2.98,12.9,38.6,0.0,3054857,17.0,27.9,38.8,52.0,67.4
Antoine Winfield Jr.,S,17,28,5.84,13.6,79.3,0.0,4034790,35.2,60.1,82.5,106.1,134.3
Marlon Humphrey,CB,18,30,5.29,13.0,68.9,-0.1,3126356,29.4,47.0,69.9,92.1,118.6
Milton Williams,DT,18,27,2.97,10.7,31.8,-0.1,4239699,8.4,17.3,31.6,46.1,61.2
Jared Verse,DE,18,26,4.04,13.4,54.0,-0.3,4578085,22.6,35.8,53.9,72.0,92.1
Zach Sieler,DT,19,31,2.93,12.9,37.9,-0.6,3057956,15.6,27.0,38.2,50.8,65.9
Nik Bonitto,DE,19,27,4.0,13.4,53.5,-0.8,4360259,22.7,37.0,53.3,71.4,91.7
Spencer Shrader,K,18,27,9.52,14.7,139.9,-0.9,4571557,139.9,139.9,139.9,139.9,139.9
T.J. Edwards,LB,19,30,7.01,9.8,68.7,-0.9,3121544,16.0,33.9,61.9,102.8,151.3
Barrett Carter,LB,18,24,7.03,13.9,98.0,-1.0,4431519,45.5,73.9,99.7,122.8,141.8
Nick Scott,S,18,31,5.76,13.9,80.3,-1.1,3116179,51.6,68.6,85.3,102.6,113.8
Bears D/ST,DST,18,,7.96,17.0,135.3,-1.2,-16003,135.3,135.3,135.3,135.3,135.3
B.J. Hill,DT,20,31,2.88,12.9,37.2,-1.3,3116748,16.3,26.7,37.8,50.5,64.7
Cole Bishop,S,19,24,5.74,13.6,78.1,-1.4,4676004,32.7,57.4,81.1,106.1,135.8
Montez Sweat,DE,20,30,3.95,13.4,52.7,-1.5,3134690,23.5,37.6,54.4,71.4,90.9
Minkah Fitzpatrick,S,20,30,5.72,13.6,77.7,-1.6,3925345,32.8,55.4,80.7,104.1,134.1
Alohi Gilman,S,22,29,5.72,13.6,77.7,-1.6,4039413,31.4,55.1,81.1,105.4,139.8
Juwan Johnson,TE,18,30,9.14,12.8,117.0,-1.7,3929645,36.2,65.8,114.3,175.5,264.4
Tyrique Stevenson,CB,20,26,5.14,10.5,53.8,-1.7,4426374,13.6,31.0,53.6,78.4,102.4
Ronnie Hickman,S,21,25,5.72,13.9,79.7,-1.7,4569620,49.2,68.1,83.9,101.7,114.3
Grady Jarrett,DT,21,33,2.84,12.9,36.7,-1.8,2576492,15.6,26.0,37.1,49.3,63.3
Nathan Shepherd,DT,22,33,2.84,12.9,36.8,-1.8,4076951,15.6,25.1,36.1,48.7,62.5
Nate Wiggins,CB,19,23,5.15,13.0,67.1,-1.9,4601278,29.4,47.6,67.8,89.4,114.6
Devonte Wyatt,DT,23,28,2.8,10.7,29.9,-1.9,4361791,7.5,17.4,29.4,43.6,58.1
Sonny Styles,LB,20,22,6.93,12.2,84.8,-2.1,5081807,84.5,84.5,84.5,84.5,84.5
Trey Hendrickson,DE,21,32,3.9,13.4,52.2,-2.1,3052743,52.3,52.3,52.3,52.3,52.3
Josh Hines-Allen,DE,22,29,3.9,13.4,52.1,-2.1,3915239,21.2,34.6,51.4,69.2,89.1
Kenyon Sadiq,TE,19,21,9.09,12.8,116.3,-2.3,5083315,116.4,116.4,116.4,116.4,116.4
Mike Jackson,CB,21,29,5.12,13.0,66.7,-2.3,3917853,29.0,48.0,68.5,91.6,115.3
Mason Graham,DT,24,23,2.8,12.9,36.2,-2.3,4873232,17.0,25.0,37.0,48.0,63.9
Keisean Nixon,CB,22,29,5.11,13.0,66.6,-2.5,4259493,26.6,47.6,67.5,88.4,114.7
Carlton Davis III,CB,23,30,5.11,13.0,66.7,-2.5,3916923,28.8,46.0,67.2,88.9,112.9
Daniel Carlson,K,19,31,9.4,14.7,138.0,-2.6,3051909,62.0,105.7,144.3,182.4,227.5
Greg Rousseau,DE,23,26,3.86,13.4,51.6,-2.7,4362506,21.9,35.2,51.0,67.9,86.2
T'Vondre Sweat,DT,28,25,2.73,10.7,29.1,-2.7,4428617,7.2,16.4,29.6,42.4,55.4
Demario Davis,LB,21,37,6.9,13.9,96.2,-2.8,14958,40.2,69.2,97.0,120.0,136.9
Daron Payne,DT,25,29,2.76,12.9,35.7,-2.8,3925354,15.2,25.3,36.2,48.1,61.7
Brian Thomas Jr.,WR,39,24,11.05,13.8,152.7,-3.0,4432773,49.7,96.0,149.8,202.4,249.9
Chris Jones,DT,26,32,2.74,12.9,35.5,-3.1,3044859,13.7,24.5,35.7,47.7,61.2
Travis Jones,DT,27,27,2.74,12.9,35.5,-3.1,4362139,15.5,24.8,35.3,47.9,60.7
Zack Baun,LB,22,30,6.87,13.9,95.8,-3.2,3917657,44.4,69.5,95.3,118.8,138.2
Tre'von Moehrig,S,23,27,5.61,13.9,78.2,-3.2,4362487,50.3,68.5,85.6,102.5,112.1
Jalen Ramsey,CB,24,32,5.04,13.0,65.7,-3.4,3045373,25.8,45.7,65.7,88.6,113.2
Jonah Laulu,DT,29,26,2.72,12.9,35.2,-3.4,4373956,14.4,24.4,35.4,46.7,60.0
Michael Wilson,WR,40,26,11.02,14.6,160.6,-3.6,4360761,90.6,127.4,168.2,200.1,236.9
49ers D/ST,DST,19,,7.82,17.0,133.0,-3.6,-16025,133.0,133.0,133.0,133.0,133.0
Travon Walker,DE,24,26,3.79,13.4,50.7,-3.6,4426349,22.0,35.7,51.1,68.0,86.9
Zach Allen,DT,30,29,2.7,12.9,34.9,-3.6,3915282,14.4,25.0,35.6,47.2,59.4
Khalil Mack,DE,26,35,3.72,10.9,40.5,-3.7,16710,11.1,24.9,41.3,58.3,76.0
Devin Bush,LB,23,28,6.83,13.9,95.1,-3.8,4036261,42.6,69.8,97.1,119.3,137.4
Chris Johnson,CB,25,22,5.01,13.0,65.3,-3.8,4869579,65.1,65.1,65.1,65.1,65.1
Xavier Watts,S,24,25,5.56,13.6,75.6,-3.8,4431005,30.7,54.5,79.2,102.8,136.2
Mack Wilson Sr.,LB,25,28,6.7,9.8,65.7,-3.9,4040983,15.8,33.4,61.5,96.7,146.0
Carl Granderson,DE,25,30,3.77,13.4,50.4,-3.9,3918310,22.3,35.6,51.2,67.7,86.1
Mike Sainristil,CB,26,26,4.99,13.0,65.0,-4.0,4428414,27.2,47.0,65.6,86.9,110.4
Javon Hargrave,DT,31,33,2.67,12.9,34.5,-4.0,2983055,13.6,23.3,34.2,45.6,59.0
Jadarian Price,RB,27,23,12.52,11.4,142.3,-4.1,4685512,142.7,142.7,142.7,142.7,142.7
Kobie Turner,DT,32,27,2.65,12.9,34.3,-4.3,4250621,14.2,24.2,35.1,47.0,59.3
Wan'Dale Robinson,WR,41,25,10.97,14.6,159.8,-4.4,4569587,89.5,123.8,162.5,198.7,234.2
Jessie Bates III,S,25,29,5.52,13.6,75.1,-4.4,3919512,31.3,54.9,78.3,100.5,128.3
Amani Hooker,S,26,28,5.51,13.6,74.9,-4.5,4036134,33.0,53.2,77.8,101.7,129.9
Odafe Oweh,DE,27,28,3.72,13.4,49.7,-4.6,4361422,19.9,33.6,48.9,66.1,84.7
Jonathan Allen,DT,33,31,2.62,12.9,33.9,-4.6,3054840,13.6,23.7,33.8,45.2,57.9
Brenton Strange,TE,20,26,8.79,10.0,87.8,-4.8,4430539,17.1,37.6,79.4,136.1,214.0
Teair Tart,DT,34,29,2.61,12.9,33.8,-4.8,4374269,14.0,23.7,33.6,44.6,57.5
Keeanu Benton,DT,35,25,2.61,12.9,33.7,-4.8,4426694,13.9,23.7,34.5,45.1,56.9
Walter Nolen III,DT,36,23,2.6,12.9,33.6,-4.9,4685503,33.5,33.5,33.5,33.5,33.5
Osa Odighizuwa,DT,37,28,2.6,12.9,33.7,-4.9,4035840,14.7,23.9,33.7,45.3,58.0
Harrison Phillips,DT,38,30,2.6,12.9,33.7,-4.9,3117255,13.9,23.3,33.9,45.6,59.3
Azeez Al-Shaair,LB,24,29,6.74,13.9,93.9,-5.0,3919117,41.3,67.6,93.2,116.5,132.8
Brandon Stephens,CB,27,29,4.91,13.0,64.0,-5.1,4035824,26.3,44.4,64.4,85.3,108.7
DeMarvion Overshown,LB,26,26,6.67,12.2,81.6,-5.2,4362088,81.4,81.4,81.4,81.4,81.4
Yaya Diaby,DE,28,27,3.67,13.4,49.1,-5.2,4686334,22.9,35.0,49.4,65.3,83.4
Derrick Harmon,DT,42,23,2.49,10.7,26.6,-5.2,4682980,6.7,14.5,26.5,37.5,50.0
Cam Lewis,S,27,29,5.44,13.6,74.0,-5.4,3916577,34.1,54.1,77.4,101.7,131.4
Maliek Collins,DT,44,31,2.47,10.7,26.3,-5.5,3040471,5.5,14.8,26.9,38.3,49.3
Jayden Reed,WR,42,26,10.82,12.4,133.7,-5.6,4362249,134.2,134.2,134.2,134.2,134.2
Jaguars D/ST,DST,20,,7.7,17.0,130.8,-5.6,-16030,130.8,130.8,130.8,130.8,130.8
Sauce Gardner,CB,29,26,4.77,10.5,50.0,-5.6,4427250,12.3,26.6,49.0,71.5,94.1
D.J. Jones,DT,39,31,2.54,12.9,32.8,-5.7,3894915,14.2,22.8,33.3,44.3,57.1
Evan Williams,S,28,25,5.43,13.9,75.7,-5.7,4428863,46.8,65.8,80.4,97.1,110.0
David Bailey,DE,29,23,3.63,13.4,48.5,-5.8,4685248,48.6,48.6,48.6,48.6,48.6
David Onyemata,DT,40,34,2.53,12.9,32.7,-5.8,4002046,14.3,22.9,32.8,44.2,56.7
Brandon Jones,S,29,28,5.41,13.6,73.5,-5.8,4039059,31.3,53.6,76.3,99.0,125.2
Levi Drake Rodriguez,DT,41,26,2.52,12.9,32.5,-5.9,5093973,13.4,22.2,32.8,43.1,55.9
Xavier Worthy,WR,43,23,10.79,12.4,133.3,-6.0,4683062,27.9,64.0,129.1,223.8,329.7
Daiyan Henley,LB,27,27,6.66,13.9,92.9,-6.1,4241597,43.6,67.6,93.8,115.0,132.9
Harold Landry III,DE,30,30,3.6,13.4,48.1,-6.2,3122793,20.9,33.8,48.7,65.2,82.5
Dadrion Taylor-Demerson,S,32,25,5.29,11.3,60.0,-6.2,4428633,18.2,37.2,61.0,85.8,111.3
Bengals D/ST,DST,21,,7.66,17.0,130.3,-6.3,-16004,130.3,130.3,130.3,130.3,130.3
George Karlaftis,DE,31,25,3.59,13.4,48.0,-6.3,4426659,21.9,34.1,49.5,65.4,84.1
Taron Johnson,CB,33,30,4.7,10.5,49.2,-6.3,3121003,11.9,26.5,48.3,70.1,92.9
Renardo Green,CB,28,26,4.81,13.0,62.7,-6.4,4427325,23.7,42.7,62.4,82.6,106.2
Julian Love,S,35,28,5.27,11.3,59.7,-6.4,4046675,17.4,35.8,58.7,83.9,112.1
DaVon Hamilton,DT,43,29,2.48,12.9,32.1,-6.5,3915520,14.1,22.7,32.4,43.6,57.4
Laiatu Latu,DE,32,26,3.57,13.4,47.8,-6.6,4426473,19.9,33.0,48.2,63.8,80.4
Wil Lutz,K,20,32,9.12,14.7,133.9,-6.8,2985659,63.2,108.6,140.5,173.8,216.3
Vita Vea,DT,45,31,2.45,12.9,31.6,-6.8,3134362,14.3,22.4,31.5,42.1,53.6
Thomas Booker IV,DT,46,27,2.44,12.9,31.5,-7.0,4360749,12.9,21.5,31.6,42.9,55.2
Bradley Chubb,DE,33,30,3.53,13.4,47.3,-7.1,3116733,22.0,34.4,47.8,63.7,83.7
Alim McNeill,DT,53,26,2.31,10.7,24.7,-7.2,4361662,5.8,13.9,24.9,35.5,46.3
LaCale London,DT,54,29,2.31,10.7,24.7,-7.2,4376288,5.3,13.9,24.1,34.7,46.0
Stefon Diggs,WR,44,33,10.77,14.6,156.8,-7.3,2976212,85.5,123.5,160.4,193.5,229.1
Caleb Downs,S,30,22,5.3,13.6,72.0,-7.3,4870706,72.1,72.1,72.1,72.1,72.1
Justin Reid,S,31,29,5.3,13.6,72.1,-7.3,3931399,30.8,52.5,74.7,96.6,129.6
Marcus Jones,CB,30,28,4.73,13.0,61.7,-7.4,4241720,25.2,43.7,61.6,82.2,104.8
Benjamin Morrison,CB,39,22,4.6,10.5,48.2,-7.4,4816107,11.8,26.4,48.0,70.2,90.3
Arik Armstead,DT,47,33,2.41,12.9,31.1,-7.4,2971275,13.5,21.9,31.7,42.4,54.1
Colts D/ST,DST,22,,7.59,17.0,129.0,-7.5,-16011,129.0,129.0,129.0,129.0,129.0
Jaylen Warren,RB,28,28,12.32,13.5,165.7,-7.6,4569987,64.7,119.5,170.2,219.0,274.3
Bryan Cook,S,33,27,5.28,13.6,71.8,-7.6,4247726,30.0,51.7,72.9,97.0,124.3
Dante Trader Jr.,S,34,23,5.28,13.6,71.7,-7.6,4431664,29.9,51.8,74.0,96.6,130.1
Jamel Dean,CB,31,30,4.71,13.0,61.4,-7.7,3873935,25.3,42.9,62.4,82.7,105.2
Rasul Douglas,CB,32,32,4.71,13.0,61.4,-7.7,3943270,26.2,44.1,62.6,83.4,105.4
Will Johnson,CB,41,23,4.57,10.5,47.9,-7.7,4685408,13.2,27.6,47.8,67.2,91.9
Davon Godchaux,DT,48,32,2.38,12.9,30.8,-7.7,3115383,13.4,21.9,30.9,40.9,53.9
Charles Omenihu,DT,49,29,2.38,12.9,30.8,-7.7,3929865,12.0,21.5,31.3,41.2,53.6
Tyler Bass,K,21,29,9.05,14.7,132.9,-7.8,3917232,133.0,133.0,133.0,133.0,133.0
Edgerrin Cooper,LB,28,25,6.54,13.9,91.1,-7.8,4430438,41.1,65.9,92.0,114.8,131.6
Kyler Gordon,CB,34,27,4.7,13.0,61.3,-7.8,4361093,61.1,61.1,61.1,61.1,61.1
Chop Robinson,DE,34,23,3.47,13.4,46.4,-7.9,4431586,19.3,32.6,47.6,63.0,80.8
Dillon Thieneman,S,36,22,5.26,13.6,71.5,-7.9,4954445,71.5,71.5,71.5,71.5,71.5
Abdul Carter,DE,35,22,3.46,13.4,46.3,-8.0,4725996,20.4,32.5,46.8,61.4,76.9
Lukas Van Ness,DE,38,25,3.33,10.9,36.2,-8.0,4686906,9.1,20.2,35.6,51.2,65.7
Craig Woodson,S,37,25,5.25,13.6,71.4,-8.0,4428930,30.8,52.3,74.9,96.4,126.6
Mansoor Delane,CB,35,23,4.68,13.0,61.0,-8.1,4880124,60.8,60.8,60.8,60.8,60.8
Boye Mafe,DE,36,28,3.45,13.4,46.1,-8.2,4240754,19.9,31.6,46.3,61.5,78.1
Jordyn Tyson,WR,47,22,10.6,12.4,131.1,-8.3,4880281,131.4,131.4,131.4,131.4,131.4
Divine Deablo,LB,32,28,6.24,9.8,61.2,-8.4,4037626,14.4,30.1,55.4,90.8,132.6
Aaron Donald,DT,50,35,2.33,12.9,30.2,-8.4,16716,30.1,30.1,30.1,30.1,30.1
Grover Stewart,DT,51,33,2.33,12.9,30.2,-8.4,4058825,12.8,20.8,29.7,39.8,51.1
Jake Elliott,K,22,31,9.0,14.7,132.1,-8.5,3050478,58.8,106.5,140.4,175.7,220.2
Roy Lopez,DT,52,29,2.32,12.9,30.0,-8.5,4040805,13.9,21.9,30.5,40.4,51.5
Khalil Shakir,WR,45,26,10.64,13.8,147.0,-8.7,4373678,48.9,94.5,143.1,194.4,239.5
Kevin Winston Jr.,S,41,23,5.07,11.3,57.4,-8.7,4685617,17.6,35.3,57.9,80.6,106.4
Eric Murray,S,42,32,5.07,11.3,57.4,-8.7,2970716,16.8,33.7,56.0,81.2,108.0
Rico Dowdle,RB,29,28,12.23,13.5,164.5,-8.8,4038815,62.7,115.6,171.2,224.9,280.2
Austin Booker,DE,42,24,3.25,10.9,35.3,-8.8,4683553,9.2,21.2,34.8,49.5,66.4
Quincy Williams,LB,33,30,6.19,9.8,60.7,-8.9,3110565,13.2,29.2,54.2,86.5,126.8
Jordan Addison,WR,46,24,10.62,13.8,146.7,-9.0,4429205,53.0,95.9,149.0,195.3,240.2
Jaylen Watson,CB,36,28,4.61,13.0,60.1,-9.0,4697639,24.5,41.9,59.3,79.3,103.6
Bobby Brown III,DT,55,26,2.28,12.9,29.5,-9.0,4372518,12.9,21.0,29.9,40.2,52.1
Quinyon Mitchell,CB,37,25,4.6,13.0,60.0,-9.1,4686273,24.3,42.4,60.8,79.9,101.6
Joey Porter Jr.,CB,38,26,4.6,13.0,60.0,-9.1,4426506,23.4,41.2,59.9,79.4,100.4
Cowboys D/ST,DST,23,,7.49,17.0,127.3,-9.2,-16006,127.3,127.3,127.3,127.3,127.3
Jamaree Caldwell,DT,56,26,2.27,12.9,29.3,-9.2,5089178,12.3,20.6,29.4,39.4,50.6
Maxwell Hairston,CB,46,23,4.41,10.5,46.2,-9.3,4688931,12.2,26.8,47.2,66.6,88.4
Drew Stevens,K,23,23,8.94,14.7,131.2,-9.4,5081335,131.4,131.4,131.4,131.4,131.4
Jaelan Phillips,DE,37,27,3.36,13.4,45.0,-9.4,4242975,19.5,32.0,46.8,61.1,76.7
Deone Walker,DT,57,22,2.25,12.9,29.1,-9.4,4831989,13.1,20.9,29.8,39.6,51.5
Byron Murphy Jr.,CB,40,28,4.57,13.0,59.6,-9.5,4038999,26.5,42.6,61.4,80.0,100.4
Dominic Zvada,K,24,23,8.92,14.7,131.0,-9.7,5082424,131.1,131.1,131.1,131.1,131.1
Commanders D/ST,DST,24,,7.46,17.0,126.9,-9.7,-16028,126.9,126.9,126.9,126.9,126.9
Calijah Kancey,DT,58,25,2.23,12.9,28.8,-9.7,4427673,28.8,28.8,28.8,28.8,28.8
Jonathon Cooper,DE,39,28,3.33,13.4,44.5,-9.8,4040608,19.1,30.5,44.6,58.8,75.0
Dru Phillips,CB,42,25,4.55,13.0,59.3,-9.8,4431321,23.9,41.2,59.7,79.6,99.8
Kevin Byard,S,38,33,5.12,13.6,69.6,-9.8,2574056,30.0,50.6,71.1,92.2,119.3
Malik Mustapha,S,45,24,4.97,11.3,56.3,-9.8,4696211,17.4,34.0,58.7,82.7,110.0
Titans D/ST,DST,25,,7.45,17.0,126.6,-9.9,-16010,126.6,126.6,126.6,126.6,126.6
Kenny Clark,DT,59,31,2.21,12.9,28.6,-9.9,3122752,12.7,20.5,29.3,39.0,51.1
Tony Pollard,RB,30,29,12.1,12.8,154.8,-10.0,3916148,39.2,78.9,143.8,224.0,320.6
Terrel Bernard,LB,38,27,6.08,9.8,59.6,-10.0,4259166,13.2,28.9,56.9,93.7,131.3
Giants D/ST,DST,26,,7.43,17.0,126.2,-10.2,-16019,126.2,126.2,126.2,126.2,126.2
Brandon Dorlus,DT,60,25,2.19,12.9,28.3,-10.2,4427090,12.8,20.5,29.1,38.2,48.0
Christen Miller,DT,61,22,2.19,12.9,28.4,-10.2,4685479,28.3,28.3,28.3,28.3,28.3
Grant Delpit,S,39,28,5.09,13.6,69.2,-10.2,4242208,27.9,50.3,71.0,93.5,125.0
Ji'Ayir Brown,S,40,26,5.09,13.6,69.1,-10.2,4693644,30.7,49.4,71.1,91.0,116.7
Gervon Dexter Sr.,DT,62,25,2.18,12.9,28.2,-10.3,4429014,11.5,20.2,29.0,37.9,48.4
Tarheeb Still,CB,43,24,4.5,13.0,58.6,-10.4,4432571,23.2,41.1,59.4,77.8,98.5
Moro Ojomo,DT,63,25,2.17,12.9,28.1,-10.4,4362116,11.5,19.9,28.7,38.4,48.7
Pat Freiermuth,TE,21,28,8.45,12.8,108.2,-10.5,4361411,32.9,62.5,111.3,169.4,253.9
Arvell Reese,LB,31,21,6.24,12.2,76.3,-10.5,4950400,76.1,76.1,76.1,76.1,76.1
Myles Murphy,DE,40,24,3.27,13.4,43.8,-10.6,4428985,19.3,31.0,44.1,58.1,73.9
Dexter Lawrence II,DT,64,29,2.16,12.9,27.9,-10.6,4035483,11.9,19.5,28.2,37.8,48.4
Patrick Queen,LB,29,27,6.33,13.9,88.2,-10.7,4242207,39.3,64.1,88.2,109.6,124.6
Mike Hughes,CB,52,29,4.28,10.5,44.8,-10.7,3895841,11.7,24.9,43.1,63.1,82.4
Jadeveon Clowney,DE,47,33,3.07,10.9,33.4,-10.8,16734,8.9,20.1,33.9,47.7,61.4
Riley Patterson,K,25,27,8.84,14.7,129.8,-10.9,4243371,61.5,102.1,137.1,169.6,210.7
James Pearce Jr.,DE,41,23,3.25,13.4,43.4,-10.9,5081394,19.5,31.6,44.6,58.1,74.3
C.J. West,DT,65,24,2.13,12.9,27.5,-11.0,4686308,12.0,19.5,27.6,36.9,48.1
Justin Eboigbe,DT,66,25,2.13,12.9,27.6,-11.0,4567138,12.2,19.2,28.3,37.1,49.7
Pat Surtain II,CB,44,26,4.44,13.0,57.9,-11.2,4372012,24.6,40.9,59.1,76.5,95.5
Jarran Reed,DT,76,34,1.93,10.7,20.6,-11.2,3115312,5.2,12.0,20.9,30.0,40.0
Kerby Joseph,S,43,26,5.02,13.6,68.3,-11.2,4360383,68.3,68.3,68.3,68.3,68.3
Travis Hunter,WR,49,23,10.31,11.8,121.6,-11.3,4685415,72.2,113.4,142.4,164.3,175.3
JuJu Brents,CB,45,26,4.43,13.0,57.8,-11.3,4360488,57.6,57.6,57.6,57.6,57.6
Cam Bynum,S,44,28,5.01,13.6,68.1,-11.3,4035861,29.8,49.9,70.2,90.5,120.8
Jermaine Johnson II,DE,43,27,3.21,13.4,42.9,-11.4,4567962,17.8,30.5,43.7,57.3,74.1
Nolan Smith Jr.,DE,49,25,3.01,10.9,32.7,-11.4,4426331,8.0,19.6,32.8,46.9,62.9
Christian Barmore,DT,67,27,2.1,12.9,27.1,-11.4,4372030,12.4,20.0,27.7,37.0,47.4
Jourdan Lewis,CB,55,31,4.2,10.5,44.0,-11.5,3045207,11.5,23.7,42.7,61.7,81.9
Terrance Ferguson,TE,22,23,8.36,12.8,106.9,-11.6,4570037,32.5,58.7,102.6,162.6,236.6
Billy Bowman Jr.,CB,47,23,4.41,13.0,57.4,-11.6,4431194,57.3,57.3,57.3,57.3,57.3
Calais Campbell,DT,68,40,2.08,12.9,27.0,-11.6,11284,11.2,18.8,27.1,36.5,46.6
Kaden Elliss,LB,30,31,6.26,13.9,87.3,-11.7,3124890,39.0,63.5,89.0,109.4,124.2
Kayvon Thibodeaux,DE,50,26,2.99,10.9,32.5,-11.7,4426326,9.0,20.1,32.7,47.2,62.2
Tyrion Ingram-Dawkins,DT,69,23,2.05,12.9,26.5,-12.0,4629149,10.8,18.4,26.8,36.1,46.1
Dorance Armstrong,DE,44,29,3.16,13.4,42.2,-12.1,3928979,42.3,42.3,42.3,42.3,42.3
Javon Bullard,CB,48,24,4.37,13.0,57.0,-12.1,4688930,22.0,40.7,57.9,76.3,99.9
Jihaad Campbell,LB,36,22,6.1,12.2,74.6,-12.2,4685287,20.8,41.5,71.8,108.6,155.8
Jacob Rodriguez,LB,37,24,6.1,12.2,74.7,-12.2,4566094,74.4,74.4,74.4,74.4,74.4
Poona Ford,DT,70,31,2.03,12.9,26.3,-12.3,3125114,11.5,18.9,26.6,35.2,45.1
TreVeyon Henderson,RB,31,24,11.96,13.5,160.9,-12.4,4432710,58.2,115.6,166.0,217.4,266.6
C.J. Gardner-Johnson,S,47,29,4.74,11.3,53.7,-12.4,4034953,16.8,33.5,56.0,78.7,103.2
DJ Turner II,CB,49,26,4.34,13.0,56.6,-12.5,4572036,22.3,39.3,57.3,75.1,94.9
Darius Robinson,DT,71,25,2.01,12.9,26.0,-12.5,4569480,11.0,18.0,25.8,35.0,45.7
Devin Lloyd,LB,39,28,6.07,12.2,74.3,-12.6,4243256,20.3,40.0,71.4,106.0,156.6
Rueben Bain Jr.,DE,45,22,3.11,13.4,41.5,-12.7,4870617,41.7,41.7,41.7,41.7,41.7
Donovan Ezeiruaku,DE,46,23,3.1,13.4,41.4,-12.9,4683848,19.2,30.6,42.7,57.0,72.5
Javon Kinlaw,DT,72,29,1.98,12.9,25.6,-12.9,4259491,11.0,18.0,25.7,34.1,43.5
Sheldon Rankins,DT,73,32,1.97,12.9,25.4,-13.0,2970204,10.5,17.8,25.5,34.3,44.8
Eyioma Uwazurike,DT,74,28,1.97,12.9,25.5,-13.0,4066109,10.9,18.2,26.3,34.9,44.8
Quentin Johnston,WR,48,25,10.32,13.8,142.5,-13.1,4429025,48.2,94.1,137.5,187.9,232.0
Jacob Parrish,CB,50,22,4.29,13.0,55.9,-13.1,4912847,23.9,40.3,57.9,75.4,96.6
Da'Shawn Hand,DT,85,31,1.76,10.7,18.8,-13.1,3126352,4.6,10.5,18.8,26.9,35.4
Upton Stout,CB,51,24,4.28,13.0,55.8,-13.3,4565200,22.6,38.2,56.4,73.5,93.1
Neville Gallimore,DT,75,29,1.95,12.9,25.3,-13.3,3892883,10.3,17.2,25.6,33.2,43.3
Montaric Brown,CB,53,27,4.27,13.0,55.6,-13.4,4242149,21.9,38.3,55.1,73.6,94.7
T.J. Sanders,DT,86,23,1.73,10.7,18.5,-13.4,4684527,4.8,11.0,18.9,26.4,34.5
Zaire Franklin,LB,34,30,6.12,13.9,85.3,-13.6,3124005,36.0,61.3,85.2,106.4,121.4
Demetrius Knight Jr.,LB,35,26,6.12,13.9,85.3,-13.6,4427729,36.0,60.1,87.0,106.9,123.9
Shelby Harris,DT,77,35,1.92,12.9,24.8,-13.7,16837,10.7,17.5,25.1,33.8,43.9
Dalton Schultz,TE,23,30,8.19,12.8,104.8,-13.8,3117256,32.3,56.4,98.7,156.1,227.8
DJ Wonnum,DE,48,29,3.03,13.4,40.5,-13.8,4038849,17.8,28.0,40.4,53.2,67.3
Karl Brooks,DT,78,26,1.91,12.9,24.7,-13.8,4373423,10.9,17.9,25.5,34.4,44.3
Cam Hart,CB,54,26,4.23,13.0,55.1,-13.9,4427404,23.1,39.2,57.1,74.3,97.2
Dre Greenlaw,LB,45,29,5.67,9.8,55.6,-14.0,3916903,13.8,28.2,51.9,80.9,119.5
Panthers D/ST,DST,27,,7.2,17.0,122.4,-14.1,-16029,122.4,122.4,122.4,122.4,122.4
Bills D/ST,DST,28,,7.19,17.0,122.3,-14.3,-16002,122.3,122.3,122.3,122.3,122.3
Dayo Odeyingbo,DE,59,27,2.73,10.9,29.7,-14.5,4242659,7.9,17.8,29.9,42.3,55.3
Josh Jobe,CB,56,28,4.18,13.0,54.5,-14.6,4372020,22.4,39.2,56.4,75.1,93.7
Zayne Anderson,S,46,29,4.77,13.6,64.8,-14.6,3932335,27.9,47.0,67.3,85.8,109.4
Charvarius Ward,CB,57,30,4.17,13.0,54.4,-14.7,4037361,54.2,54.2,54.2,54.2,54.2
Riley Moss,CB,58,26,4.16,13.0,54.2,-14.8,4382401,22.8,39.0,54.9,72.8,91.6
Marcus Harris,CB,59,25,4.16,13.0,54.2,-14.8,4570469,21.5,37.2,55.3,72.4,91.3
Alex Anzalone,LB,40,32,5.88,12.2,71.9,-14.9,3043107,19.8,41.0,70.7,105.5,149.6
Isaiah Rodgers,CB,60,28,4.15,13.0,54.1,-14.9,4044540,22.6,38.6,54.9,71.5,91.5
Jaylon Johnson,CB,61,27,4.14,13.0,53.9,-15.1,4243253,53.8,53.8,53.8,53.8,53.8
Darius Alexander,DT,79,26,1.81,12.9,23.5,-15.1,4426542,10.2,16.8,24.1,31.8,41.8
Jevon Holland,S,48,26,4.73,13.6,64.2,-15.1,4373809,26.8,46.8,67.0,85.1,109.1
Andrew Mukuba,S,56,24,4.5,11.3,51.0,-15.1,4602197,15.0,29.9,50.7,71.7,95.8
Alfred Collins,DT,80,25,1.8,12.9,23.3,-15.2,4430835,10.2,16.5,23.1,30.7,40.0
Ty Okada,S,49,27,4.72,13.6,64.2,-15.2,4247808,28.4,46.3,66.3,86.2,110.1
Warren Brinson,DT,98,24,1.55,10.7,16.6,-15.3,4429136,4.5,9.7,16.7,23.8,31.2
Will McDonald IV,DE,51,27,2.91,13.4,38.9,-15.4,4361767,17.6,27.3,39.0,51.7,69.1
Kenneth Grant,DT,81,23,1.79,12.9,23.2,-15.4,4894654,10.2,15.9,23.5,31.3,40.7
Dante Stills,DT,82,27,1.79,12.9,23.1,-15.4,4362225,10.6,16.8,23.8,30.7,40.5
Chris Godwin Jr.,WR,52,30,9.75,10.2,99.3,-15.5,3116165,17.7,42.0,93.2,170.1,265.5
Jalyx Hunt,DE,52,25,2.9,13.4,38.8,-15.5,4571162,16.9,26.7,38.0,50.4,64.1
Peter Woods,DT,83,21,1.78,12.9,23.0,-15.5,4871063,23.0,23.0,23.0,23.0,23.0
Maason Smith,DT,100,24,1.53,10.7,16.4,-15.5,4431567,3.7,9.0,16.1,23.0,31.2
De'Zhaun Stribling,WR,50,24,10.01,12.4,123.7,-15.6,4710714,124.1,124.1,124.1,124.1,124.1
Matt Gay,K,27,32,8.45,13.8,116.8,-15.6,4249087,37.9,79.3,123.0,158.6,195.2
Khyiris Tonga,DT,84,30,1.77,12.9,22.8,-15.6,4256074,9.3,15.9,23.0,30.7,39.1
Jonathon Brooks,RB,32,23,11.5,11.4,130.7,-15.7,4678008,131.1,131.1,131.1,131.1,131.1
Patrick Jones II,DE,53,28,2.89,13.4,38.6,-15.7,4036063,38.7,38.7,38.7,38.7,38.7
Josh Uche,DE,61,28,2.62,10.9,28.5,-15.7,4046528,6.8,16.7,29.0,40.8,54.7
Andy Borregales,K,26,24,8.5,14.7,124.8,-15.9,4569923,51.7,94.0,130.5,163.7,202.0
Harrison Smith,S,50,37,4.67,13.6,63.5,-15.9,14945,27.5,45.8,65.3,85.4,108.6
Deommodore Lenoir,CB,62,27,4.06,13.0,53.0,-16.1,4242488,22.2,37.7,54.5,72.0,91.3
Cor'Dale Flott,CB,63,25,4.06,13.0,52.9,-16.1,4429607,22.5,37.8,53.6,69.8,89.6
Josh Sweat,DE,54,29,2.85,13.4,38.1,-16.2,3693166,16.7,27.0,38.5,50.4,64.4
Mykel Williams,DE,63,22,2.57,10.9,27.9,-16.2,4685623,8.0,17.2,28.4,39.5,52.5
Mike Hall Jr.,DT,103,23,1.47,10.7,15.7,-16.2,4600415,3.9,9.5,15.9,22.7,29.6
Jason Marshall Jr.,CB,70,24,3.75,10.5,39.2,-16.3,4432730,10.0,22.2,39.6,57.3,74.5
Caleb Banks,DT,87,23,1.72,12.9,22.2,-16.3,4602019,22.2,22.2,22.2,22.2,22.2
Otito Ogbonnia,DT,104,26,1.46,10.7,15.6,-16.3,4367210,3.8,8.6,15.3,22.2,29.0
Braden Fiske,DT,88,26,1.71,12.9,22.1,-16.4,4362245,9.3,15.1,22.0,30.1,38.6
Dalvin Tomlinson,DT,89,32,1.7,12.9,22.0,-16.5,2979860,9.3,15.5,22.4,29.9,38.4
Jonathan Bullard,DT,90,33,1.7,12.9,22.0,-16.5,2980097,8.9,15.7,22.4,29.7,38.1
Ryan Fitzgerald,K,28,26,8.45,14.7,124.1,-16.6,4568263,59.5,100.8,131.8,163.3,202.3
Reed Blankenship,S,51,27,4.62,13.6,62.8,-16.6,4243956,27.9,45.3,64.4,84.4,108.3
Kamren Kinchens,S,52,24,4.62,13.6,62.8,-16.6,4596363,27.5,45.1,63.8,84.2,107.3
Dre'Mont Jones,DE,55,29,2.81,13.4,37.6,-16.7,3915525,15.6,25.8,37.4,50.3,64.8
Calen Bullock,S,53,23,4.58,13.6,62.2,-17.1,4431517,25.0,44.6,65.7,85.3,110.1
Drue Tranquill,LB,41,31,5.86,13.9,81.7,-17.2,3129310,39.1,60.0,83.3,102.3,115.3
Rashan Gary,DE,56,29,2.78,13.4,37.2,-17.2,4046523,16.3,25.9,36.7,48.5,63.1
Cory Durden,DT,91,27,1.65,12.9,21.4,-17.2,4240042,8.6,15.1,21.2,28.5,37.1
Andre Szmyt,K,29,28,8.4,14.7,123.4,-17.3,4258620,58.0,99.5,133.5,165.6,199.7
Zeek Biggers,DT,108,23,1.35,10.7,14.4,-17.4,4683276,3.6,8.0,14.3,20.6,27.2
Eric Wilson,LB,42,32,5.84,13.9,81.4,-17.5,3056916,36.7,59.3,82.8,100.9,114.9
DJ Reader,DT,92,32,1.62,12.9,20.9,-17.5,2977670,8.8,14.4,21.2,28.1,36.2
Jordan Phillips,DT,93,22,1.62,12.9,20.9,-17.5,4837188,8.8,14.4,21.1,28.0,36.1
J.K. Dobbins,RB,34,28,11.31,11.2,126.1,-17.6,4241985,19.7,54.6,112.3,187.4,273.9
Isaiah McGuire,DE,57,25,2.75,13.4,36.8,-17.6,4427963,16.2,25.8,36.7,48.6,60.9
Falcons D/ST,DST,29,,6.99,17.0,118.9,-17.7,-16001,118.9,118.9,118.9,118.9,118.9
Derek Stingley Jr.,CB,64,25,3.94,13.0,51.4,-17.7,4426434,21.2,36.9,53.3,70.7,90.9
Rock Ya-Sin,CB,65,30,3.94,13.0,51.3,-17.7,3910229,21.6,37.0,52.5,68.2,85.7
Aaron Jones Sr.,RB,35,32,11.29,11.2,125.8,-17.8,3042519,19.7,53.2,114.2,193.3,274.4
Uchenna Nwosu,DE,58,30,2.73,13.4,36.5,-17.8,3120358,16.7,25.5,36.9,48.3,61.7
Arden Key,DE,69,30,2.43,10.9,26.4,-17.8,3843843,7.5,15.7,25.5,37.6,49.0
Ja'Quan McMillian,CB,66,26,3.93,13.0,51.2,-17.8,4567462,21.5,36.4,52.6,69.4,89.5
Chuba Hubbard,RB,33,27,11.48,12.8,146.9,-17.9,4241416,35.1,77.1,134.6,211.1,302.1
Dee Alford,CB,67,29,3.92,13.0,51.1,-17.9,4401823,21.3,35.9,52.1,69.4,87.8
Tyleik Williams,DT,94,23,1.59,12.9,20.6,-17.9,4431615,8.4,14.1,20.9,27.8,35.0
Adetomiwa Adebawore,DT,95,25,1.58,12.9,20.4,-18.1,4427635,8.7,14.8,20.6,27.5,35.6
Malaki Starks,S,54,23,4.51,13.6,61.3,-18.1,4685530,26.0,45.1,63.6,82.4,108.4
Julian Blackmon,S,55,28,4.51,13.6,61.3,-18.1,4035661,61.3,61.3,61.3,61.3,61.3
Joey Slye,K,30,30,8.34,14.7,122.5,-18.2,3124084,57.5,97.3,130.9,163.3,198.7
Logan Hall,DT,96,26,1.57,12.9,20.3,-18.2,4360189,8.3,14.2,20.7,27.2,34.1
Ruke Orhorhoro,DT,97,25,1.56,12.9,20.2,-18.3,4430271,7.7,13.3,20.1,27.0,35.0
Christian Benford,CB,68,26,3.88,13.0,50.5,-18.5,4379778,20.8,35.6,51.4,67.3,84.9
Josh Downs,WR,51,25,9.77,12.4,120.7,-18.6,4688813,25.4,58.3,110.3,190.5,286.6
Solomon Thomas,DT,99,31,1.54,12.9,20.0,-18.6,3117258,9.0,14.5,20.5,27.0,34.7
Greg Dulcich,TE,26,26,7.4,10.0,73.9,-18.7,4367209,15.6,33.4,66.2,114.0,181.3
Nahshon Wright,CB,69,28,3.86,13.0,50.3,-18.7,4570470,20.4,34.7,50.9,67.4,87.0
Gunnar Helm,TE,24,24,7.79,12.8,99.7,-18.9,4686728,30.3,55.2,97.4,150.8,223.7
Jonas Sanker,S,57,24,4.45,13.6,60.5,-18.9,4683813,26.0,42.5,62.3,81.4,106.3
Bobby Okereke,LB,43,30,5.73,13.9,79.8,-19.0,3117253,33.4,56.4,80.3,100.0,115.3
Garrett Williams,CB,78,25,3.48,10.5,36.4,-19.1,4568506,8.8,20.9,36.2,52.5,67.9
Mike Green,DE,60,23,2.63,13.4,35.2,-19.2,4683188,15.0,24.5,35.8,48.1,62.0
Jordan Elliott,DT,101,29,1.49,12.9,19.3,-19.2,4039052,8.2,14.0,20.0,26.4,33.7
CJ Okoye,DT,113,25,1.19,10.7,12.7,-19.2,5144942,3.1,7.4,12.8,18.2,24.2
Akeem Davis-Gaither,LB,44,29,5.71,13.9,79.5,-19.3,3917142,35.5,56.9,80.0,98.9,112.4
Sebastian Joseph-Day,DT,102,31,1.47,12.9,19.0,-19.5,3047495,8.0,13.4,19.6,25.7,33.0
Derick Hall,DE,62,25,2.6,13.4,34.8,-19.6,4567226,14.9,24.2,33.7,44.9,57.8
Cardinals D/ST,DST,30,,6.87,17.0,116.8,-19.7,-16022,116.8,116.8,116.8,116.8,116.8
John Jenkins,DT,105,37,1.45,12.9,18.7,-19.7,15846,8.0,12.9,18.7,25.4,33.0
Antonio Johnson,S,58,25,4.39,13.6,59.7,-19.7,4429168,25.0,44.0,61.5,80.0,103.8
KC Concepcion,WR,53,22,9.67,12.4,119.5,-19.8,4870653,119.9,119.9,119.9,119.9,119.9
Henry To'oTo'o,LB,46,25,5.48,12.2,67.0,-19.8,4426350,17.4,36.3,64.7,99.6,138.6
Lee Hunter,DT,106,24,1.43,12.9,18.5,-20.0,4431551,18.4,18.4,18.4,18.4,18.4
Ashton Gillotte,DE,64,24,2.56,13.4,34.2,-20.1,4684432,14.5,23.8,34.6,46.4,59.6
Joshua Farmer,DT,118,23,1.08,10.7,11.5,-20.3,4611993,3.1,6.9,11.5,16.5,21.8
Eric Stokes,CB,71,27,3.72,13.0,48.5,-20.5,4259561,21.6,34.3,49.5,66.0,84.0
Treydan Stukes,S,59,25,4.32,13.6,58.8,-20.7,4697757,58.8,58.8,58.8,58.8,58.8
Akheem Mesidor,DE,65,25,2.51,13.4,33.6,-20.8,4429190,33.6,33.6,33.6,33.6,33.6
John Franklin-Myers,DE,66,30,2.51,13.4,33.6,-20.8,3120464,14.7,23.3,33.3,44.5,55.9
DeWayne Carter,DT,107,26,1.36,12.9,17.7,-20.9,4426883,17.5,17.5,17.5,17.5,17.5
Gracen Halton,DT,109,22,1.35,12.9,17.5,-21.0,4685369,17.4,17.4,17.4,17.4,17.4
James Lynch,DT,110,27,1.35,12.9,17.4,-21.0,4259181,7.8,12.2,18.0,23.7,31.2
Denzel Ward,CB,72,29,3.68,13.0,48.0,-21.1,3915535,19.1,33.9,47.9,64.5,84.3
Adin Huntington,DT,121,24,1.01,10.7,10.7,-21.1,4605792,2.7,6.1,11.0,15.4,20.1
Kyle Monangai,RB,37,24,11.22,12.8,143.5,-21.2,4608686,34.5,76.8,136.2,207.6,294.6
Cam Jackson,DT,122,24,1.0,10.7,10.7,-21.2,4687513,2.5,5.9,10.7,15.2,20.1
Chad Ryland,K,31,27,8.13,14.7,119.4,-21.3,4363538,49.7,91.0,125.2,155.7,195.2
Derek Barnett,DE,67,30,2.46,13.4,32.9,-21.4,3115336,15.3,23.2,33.2,43.5,56.7
Makai Lemon,WR,54,22,9.54,12.4,117.9,-21.5,4870795,118.3,118.3,118.3,118.3,118.3
Joseph Ossai,DE,68,26,2.44,13.4,32.7,-21.7,4362094,14.3,22.7,33.2,43.8,55.7
Jalen Coker,WR,57,25,9.13,10.2,93.0,-21.8,4695883,15.7,39.3,86.1,155.6,243.1
Nohl Williams,CB,73,24,3.62,13.0,47.2,-21.8,4610705,19.4,33.0,47.8,63.5,80.8
John Ridgeway III,DT,111,27,1.29,12.9,16.7,-21.8,4248047,16.6,16.6,16.6,16.6,16.6
Raiders D/ST,DST,31,,6.74,17.0,114.6,-21.9,-16013,114.6,114.6,114.6,114.6,114.6
Jowon Briggs,DT,112,25,1.28,12.9,16.6,-21.9,4426676,7.2,11.7,17.1,22.3,28.8
Za'Darius Smith,DE,70,34,2.42,13.4,32.3,-22.0,3043168,32.4,32.4,32.4,32.4,32.4
Riq Woolen,CB,74,27,3.61,13.0,47.1,-22.0,4245185,21.0,33.8,47.9,63.5,80.6
Darren Waller,TE,27,34,7.06,10.0,70.5,-22.1,2576925,14.5,31.3,64.2,110.5,167.1
Jonah Elliss,DE,86,23,2.03,10.9,22.0,-22.1,4687592,6.4,13.0,21.2,30.9,40.2
Frankie Luvu,LB,47,30,5.28,12.2,64.6,-22.2,3127273,18.0,37.5,65.0,93.6,134.7
K'Lavon Chaisson,DE,71,27,2.4,13.4,32.1,-22.2,4242205,14.3,22.6,32.8,43.3,54.7
Dennis Gardeck,DE,72,32,2.4,13.4,32.0,-22.2,4334300,13.5,22.6,32.2,41.6,53.1
Blake Grupe,K,32,28,8.06,14.7,118.4,-22.3,4259619,49.3,89.6,123.8,157.1,192.0
Shy Tuttle,DT,125,31,0.9,10.7,9.6,-22.3,3886601,2.5,5.4,9.8,14.0,18.1
Tim Settle,DT,126,29,0.9,10.7,9.6,-22.3,3929956,2.3,5.3,9.4,13.6,17.8
Quan Martin,S,60,26,4.2,13.6,57.0,-22.3,4360378,26.9,42.3,59.9,78.7,98.7
Kenny Gainwell,RB,36,27,11.22,13.5,150.9,-22.4,4371733,54.2,105.0,152.5,200.0,258.8
Trevis Gipson,DE,88,29,2.0,10.9,21.7,-22.5,3917016,5.7,12.7,21.8,30.8,40.1
Jaycee Horn,CB,75,27,3.57,13.0,46.6,-22.5,4362847,19.5,33.5,47.8,63.0,77.8
Cobie Durant,CB,76,28,3.56,13.0,46.5,-22.6,4384549,20.5,32.3,47.0,63.4,80.0
Chau Smith-Wade,CB,77,24,3.56,13.0,46.5,-22.6,4697636,19.1,32.5,46.6,61.9,77.3
Robert Beal Jr.,DE,73,27,2.35,13.4,31.4,-22.9,4259558,31.5,31.5,31.5,31.5,31.5
Trey Amos,CB,85,24,3.12,10.5,32.6,-22.9,4574689,8.3,18.4,33.2,48.1,62.1
Chig Okonkwo,TE,25,27,7.47,12.8,95.6,-23.0,4360635,28.6,53.0,94.2,146.5,220.1
Christian Elliss,LB,48,27,5.21,12.2,63.8,-23.1,4245273,16.6,32.9,60.5,93.7,132.3
Jarvis Brownlee Jr.,CB,86,25,3.1,10.5,32.5,-23.1,4426817,7.6,18.5,32.2,46.9,59.6
Mekhi Wingo,DT,114,23,1.18,12.9,15.2,-23.2,4586333,15.2,15.2,15.2,15.2,15.2
Nick Herbig,DE,74,25,2.31,13.4,30.9,-23.4,4429164,13.1,21.5,31.3,41.5,53.4
Brenton Cox Jr.,DE,75,26,2.31,13.4,30.9,-23.4,4361776,31.0,31.0,31.0,31.0,31.0
Shemar Stewart,DE,93,23,1.9,10.9,20.7,-23.5,4685562,5.2,12.3,21.0,29.8,38.1
Christian Harris,LB,49,25,5.16,12.2,63.1,-23.7,4567099,16.8,36.1,62.0,93.4,134.7
R Mason Thomas,DE,76,22,2.29,13.4,30.6,-23.7,5081927,30.7,30.7,30.7,30.7,30.7
Martin Emerson Jr.,CB,79,26,3.48,13.0,45.4,-23.7,4429568,45.2,45.2,45.2,45.2,45.2
Vernon Broughton,DT,115,25,1.14,12.9,14.8,-23.7,4429040,14.7,14.7,14.7,14.7,14.7
Marcus Epps,S,62,30,3.74,11.3,42.4,-23.7,3139368,13.0,26.2,42.6,59.2,79.9
Roger McCreary,CB,80,26,3.46,13.0,45.1,-23.9,4371973,17.9,30.8,45.6,59.8,76.5
Samson Ebukam,DE,77,31,2.26,13.4,30.3,-24.1,3045527,14.1,21.6,30.7,40.7,51.5
L'Jarius Sneed,CB,81,29,3.43,13.0,44.7,-24.3,4040432,44.6,44.6,44.6,44.6,44.6
Kentavius Street,DT,116,30,1.09,12.9,14.1,-24.4,3116726,14.1,14.1,14.1,14.1,14.1
Kayden McDonald,DT,117,21,1.08,12.9,14.0,-24.5,4870893,13.9,13.9,13.9,13.9,13.9
Matt Dickerson,DT,138,31,0.69,10.7,7.3,-24.5,3134316,1.6,4.3,7.4,10.5,14.4
Elijah Molden,S,63,27,3.66,11.3,41.5,-24.6,4243328,13.8,25.1,41.4,58.6,74.4
Elijah Ponder,DE,78,24,2.22,13.4,29.6,-24.7,4688432,12.9,20.4,30.5,40.0,50.5
Brandon Cisse,CB,82,21,3.4,13.0,44.4,-24.7,5076652,44.2,44.2,44.2,44.2,44.2
Kwity Paye,DE,79,28,2.21,13.4,29.6,-24.8,4258194,13.3,20.9,29.9,39.9,50.2
Tonka Hemingway,DT,140,25,0.66,10.7,7.0,-24.8,4429109,1.8,4.0,7.0,9.9,12.8
Keldric Faulk,DE,80,22,2.2,13.4,29.3,-24.9,4870707,29.5,29.5,29.5,29.5,29.5
Baron Browning,DE,81,27,2.2,13.4,29.4,-24.9,4241987,13.1,20.7,30.2,39.3,51.3
Keith Cooper Jr.,DT,119,,1.05,12.9,13.5,-24.9,4712462,13.5,13.5,13.5,13.5,13.5
Cody Barton,LB,50,30,5.05,12.2,61.8,-25.0,3926229,16.9,33.1,59.1,90.9,126.7
Landon Jackson,DT,120,23,1.03,12.9,13.3,-25.2,4432715,13.3,13.3,13.3,13.3,13.3
Chidobe Awuzie,CB,83,31,3.34,13.0,43.6,-25.5,3052101,17.9,30.0,43.8,57.6,73.1
Dolphins D/ST,DST,32,,6.51,17.0,110.8,-25.8,-16015,110.8,110.8,110.8,110.8,110.8
Tavius Robinson,DE,100,27,1.69,10.9,18.4,-25.8,4690179,5.1,11.3,18.3,25.9,33.6
Malachi Lawrence,DE,82,23,2.13,13.4,28.4,-25.9,4710067,28.5,28.5,28.5,28.5,28.5
Zaven Collins,DE,83,27,2.13,13.4,28.5,-25.9,4244606,13.3,20.5,29.3,38.8,49.6
Leonard Taylor III,DT,123,24,0.97,12.9,12.5,-25.9,4431598,12.5,12.5,12.5,12.5,12.5
Dominique Robinson,DE,102,28,1.64,10.9,17.8,-26.4,4244300,5.2,11.2,17.7,24.9,31.8
A.J. Haulcy,S,61,22,3.89,13.6,52.9,-26.5,4905664,52.9,52.9,52.9,52.9,52.9
Byron Young,DT,124,26,0.92,12.9,11.9,-26.6,4567123,5.0,8.1,12.0,16.0,21.2
Malcolm Koonce,DE,84,28,2.07,13.4,27.6,-26.7,4239719,13.0,19.8,28.6,36.6,47.8
Romeo Doubs,WR,55,26,9.33,13.8,128.9,-26.8,4361432,42.7,85.0,128.6,167.1,207.3
Felix Anudike-Uzomah,DE,85,24,2.06,13.4,27.5,-26.8,4612387,27.6,27.6,27.6,27.6,27.6
Cam Taylor-Britt,CB,90,27,2.75,10.5,28.8,-26.8,4361196,6.7,15.0,28.6,41.2,54.7
Drake Thomas,LB,51,26,4.88,12.2,59.6,-27.1,4428659,16.1,33.7,59.1,88.0,128.4
Jerry Tillery,DT,127,30,0.88,12.9,11.3,-27.1,3863182,4.9,8.0,11.4,15.2,19.5
Tyler Davis,DT,128,26,0.87,12.9,11.2,-27.2,4568217,5.0,8.1,11.5,15.1,19.3
Skyler Gill-Howard,DT,129,24,0.87,12.9,11.2,-27.2,5103940,11.2,11.2,11.2,11.2,11.2
Zion Young,DE,87,22,2.02,13.4,27.0,-27.3,4839501,27.1,27.1,27.1,27.1,27.1
Albert Regis,DT,130,23,0.85,12.9,11.0,-27.5,4612298,11.0,11.0,11.0,11.0,11.0
Deebo Samuel Sr.,WR,56,30,9.27,13.8,128.1,-27.6,3126486,44.7,83.1,125.3,168.0,208.6
Tyler Onyedim,DT,131,23,0.83,12.9,10.7,-27.7,4683535,10.7,10.7,10.7,10.7,10.7
Brandon Pili,DT,149,27,0.39,10.7,4.2,-27.7,4259651,1.0,2.3,4.2,6.1,7.9
JJ Pegues,DT,150,25,0.39,10.7,4.2,-27.7,4430896,1.0,2.5,4.2,6.1,7.9
Dondrea Tillman,DE,89,28,1.97,13.4,26.4,-28.0,5216101,12.0,19.1,26.9,35.7,46.3
L.J. Collier,DT,132,31,0.81,12.9,10.4,-28.0,3116449,10.4,10.4,10.4,10.4,10.4
Rakeem Nunez-Roches,DT,151,33,0.35,10.7,3.8,-28.1,2575453,1.0,2.2,3.8,5.3,7.0
Tony Jefferson,S,66,34,3.34,11.3,37.9,-28.2,16195,12.4,22.8,39.0,54.3,73.7
Greg Newsome II,CB,84,26,3.12,13.0,40.7,-28.3,4361266,16.5,28.7,41.0,54.6,68.4
Jordan van den Berg,DT,133,24,0.79,12.9,10.2,-28.3,4875381,10.2,10.2,10.2,10.2,10.2
Elijah Roberts,DT,134,25,0.79,12.9,10.2,-28.3,4690795,4.4,7.1,10.3,13.6,18.2
Cameron Jordan,DE,90,37,1.94,13.4,25.9,-28.4,13971,11.0,18.1,25.9,35.1,45.6
Cameron Thomas,DE,91,26,1.94,13.4,25.9,-28.4,4361510,11.7,18.3,26.0,34.7,45.1
Ventrell Miller,LB,53,27,4.76,12.2,58.2,-28.5,4240610,13.9,30.9,56.3,84.7,121.3
Darrell Jackson Jr.,DT,135,23,0.76,12.9,9.8,-28.6,4612836,9.8,9.8,9.8,9.8,9.8
David Njoku,TE,30,30,6.4,10.0,63.8,-28.7,3123076,13.3,28.3,57.9,100.4,154.3
Sam Okuayinonu,DE,92,28,1.91,13.4,25.6,-28.8,4569497,11.3,18.1,26.0,34.1,43.5
Derrick Barnes,LB,54,27,4.73,12.2,57.9,-28.9,4260409,14.7,30.6,56.1,84.2,117.7
Bobby Jamison-Travis,DT,136,25,0.74,12.9,9.6,-28.9,5159928,9.5,9.5,9.5,9.5,9.5
Bo Richter,DE,94,26,1.89,13.4,25.3,-29.1,4875564,10.8,17.5,25.0,33.8,43.3
AJ Barner,TE,28,24,6.99,12.8,89.5,-29.2,4576297,25.4,47.3,82.5,129.0,194.5
Domonique Orange,DT,137,22,0.71,12.9,9.2,-29.3,4698728,9.2,9.2,9.2,9.2,9.2
Jonathan Ford,DT,156,28,0.23,10.7,2.5,-29.4,4259762,0.6,1.4,2.5,3.6,4.7
Dorian Williams,LB,55,25,4.68,12.2,57.2,-29.5,4568624,14.3,30.5,55.4,83.0,112.2
Al-Quadin Muhammad,DE,95,31,1.85,13.4,24.7,-29.6,3051942,11.4,17.4,24.5,32.5,41.2
Gabe Jacas,DE,96,22,1.84,13.4,24.6,-29.7,4837244,24.7,24.7,24.7,24.7,24.7
Levi Onwuzurike,DT,139,28,0.68,12.9,8.8,-29.7,4039020,8.8,8.8,8.8,8.8,8.8
Donte Jackson,CB,87,31,3.01,13.0,39.2,-29.8,3843769,16.6,28.4,40.7,53.5,68.3
Josaiah Stewart,DE,97,23,1.82,13.4,24.3,-30.0,4682983,10.4,16.5,24.7,32.7,42.1
Denzel Boston,WR,58,23,8.84,12.4,109.3,-30.1,4832800,109.6,109.6,109.6,109.6,109.6
Sam Williams,DE,98,27,1.81,13.4,24.2,-30.1,4567242,11.6,17.7,24.6,32.4,41.7
Xavier Woods,S,68,31,3.17,11.3,35.9,-30.2,3040572,10.9,22.5,36.8,50.4,65.0
Ty Robinson,DT,160,25,0.15,10.7,1.6,-30.3,4569586,0.4,0.9,1.6,2.3,3.0
Jackie Marshall,DT,141,23,0.62,12.9,8.0,-30.4,5081785,8.0,8.0,8.0,8.0,8.0
Kris Jenkins Jr.,DT,142,25,0.6,12.9,7.8,-30.7,4432301,3.2,5.3,7.7,10.3,13.4
Myles Harden,CB,88,25,2.93,13.0,38.2,-30.8,4695783,15.3,26.5,38.8,51.9,67.5
Shavon Revel Jr.,CB,94,25,2.35,10.5,24.6,-31.0,5095865,5.9,13.5,24.4,34.9,46.3
Jeremy Reaves,S,64,30,3.56,13.6,48.4,-31.0,3125248,21.3,35.7,51.1,65.8,86.9
Von Miller,DE,99,37,1.74,13.4,23.3,-31.1,13976,10.2,16.3,23.7,31.1,40.1
Jerry Jeudy,WR,59,27,8.75,12.4,108.2,-31.2,4241463,25.9,54.3,107.3,177.1,263.3
Mario Edwards Jr.,DT,143,32,0.54,12.9,6.9,-31.5,2969921,3.0,4.9,7.1,9.3,11.9
Kristian Fulton,CB,95,28,2.29,10.5,24.0,-31.6,4035433,6.3,14.3,24.0,34.3,45.3
Dee Winters,LB,52,26,4.81,13.9,67.0,-31.8,4428914,31.4,50.1,68.8,84.0,97.4
Micheal Clemons,DE,101,29,1.68,13.4,22.5,-31.9,4240896,9.8,15.6,22.5,29.6,38.3
Rashid Shaheed,WR,60,28,8.67,12.4,107.1,-32.2,4032473,21.9,50.6,98.5,173.6,252.6
Yahya Black,DT,144,24,0.48,12.9,6.3,-32.2,4430947,2.4,4.1,6.3,8.4,10.8
Shedeur Sanders,QB,31,24,11.93,8.6,102.0,-32.3,4432762,15.0,35.4,80.9,157.7,210.8
T.J. Slaton Jr.,DT,145,29,0.47,12.9,6.0,-32.4,4240612,2.5,4.2,6.1,8.1,10.4
Rachaad White,RB,38,27,10.34,12.8,132.4,-32.5,4697815,31.2,67.5,126.6,194.1,268.9
Kayshon Boutte,WR,61,24,8.64,12.4,106.8,-32.6,4429022,22.9,50.6,100.2,171.9,256.9
Chaz Chambliss,DE,120,24,1.07,10.9,11.6,-32.6,4431520,3.3,7.1,11.7,16.2,21.6
Denzel Burke,CB,89,24,2.79,13.0,36.3,-32.6,4432668,15.0,24.6,36.6,48.5,63.1
Andrew Billings,DT,146,31,0.43,12.9,5.6,-32.9,3051775,2.3,3.9,5.6,7.6,9.9
LT Overton,DT,147,22,0.42,12.9,5.5,-33.0,4870960,5.4,5.4,5.4,5.4,5.4
Aeneas Peebles,DT,148,25,0.42,12.9,5.4,-33.0,4565311,5.4,5.4,5.4,5.4,5.4
Jaylinn Hawkins,S,65,29,3.4,13.6,46.2,-33.2,3858276,17.3,33.3,47.2,61.4,80.1
Mike Gesicki,TE,32,31,5.92,10.0,59.1,-33.5,3116164,12.3,26.3,52.8,92.2,143.3
Jacob Martin,DE,103,31,1.56,13.4,20.9,-33.5,3138764,9.1,14.7,21.4,28.2,36.2
Jordan Burch,DE,104,25,1.56,13.4,20.9,-33.5,4428996,9.1,14.5,21.0,27.8,35.1
Darien Porter,CB,91,25,2.72,13.0,35.4,-33.5,4430330,14.5,24.9,35.9,46.5,59.4
Teddye Buchanan,LB,56,24,4.33,12.2,53.0,-33.8,4698244,12.6,28.4,52.6,76.9,106.6
Dante Fowler Jr.,DE,105,32,1.54,13.4,20.6,-33.8,2980100,9.4,14.5,20.9,28.0,35.8
Omar Speights,LB,57,25,4.32,12.2,52.9,-33.9,4428550,13.9,29.2,52.5,77.6,111.5
Jacory Croskey-Merritt,RB,39,25,10.22,12.8,130.8,-34.0,4575131,29.2,64.2,123.7,186.7,258.1
Malik Herring,DE,106,29,1.52,13.4,20.4,-34.0,4259547,20.4,20.4,20.4,20.4,20.4
Chauncey Golston,DE,124,28,0.94,10.9,10.3,-34.0,4036132,2.7,6.2,10.3,14.3,19.1
Chris McClellan,DT,152,23,0.34,12.9,4.3,-34.1,4820574,4.4,4.4,4.4,4.4,4.4
Rylie Mills,DT,153,25,0.34,12.9,4.4,-34.1,4430838,4.4,4.4,4.4,4.4,4.4
Yasir Abdullah,DE,126,26,0.92,10.9,10.0,-34.2,4360807,2.6,6.1,10.1,14.6,18.8
Blake Corum,RB,40,26,10.2,12.8,130.5,-34.3,4429096,33.7,66.4,126.8,189.1,268.6
James Pierre,CB,92,30,2.65,13.0,34.6,-34.4,4259252,14.1,24.9,35.6,47.2,59.1
Mike Morris,DT,154,25,0.31,12.9,4.0,-34.4,4572055,1.6,2.8,4.0,5.3,6.7
Jaylon Carlies,LB,58,25,4.27,12.2,52.2,-34.5,4601021,52.1,52.1,52.1,52.1,52.1
Tyler Nubin,S,70,25,2.79,11.3,31.6,-34.5,4430261,9.3,18.6,32.3,45.1,58.2
Evan Engram,TE,29,32,6.57,12.8,84.1,-34.6,3051876,26.3,47.8,83.6,127.5,189.6
Cashius Howell,DE,107,23,1.48,13.4,19.8,-34.6,4710752,19.8,19.8,19.8,19.8,19.8
Barryn Sorrell,DE,108,24,1.47,13.4,19.6,-34.7,4683643,8.7,13.8,19.9,26.1,32.2
Malik Hooker,S,71,30,2.77,11.3,31.4,-34.7,3121415,9.6,19.7,32.2,45.0,59.7
Keion White,DE,109,27,1.46,13.4,19.5,-34.8,4243493,8.5,13.5,19.7,25.9,32.5
Folorunso Fatukasi,DT,155,31,0.28,12.9,3.6,-34.8,3045172,3.6,3.6,3.6,3.6,3.6
Princely Umanmielen,DE,110,24,1.45,13.4,19.4,-35.0,4429166,8.4,13.4,18.9,25.2,33.0
Patrick Johnson,DE,128,28,0.85,10.9,9.2,-35.0,4243916,2.2,5.5,9.2,13.2,17.7
Anthony Nelson,DE,111,29,1.44,13.4,19.3,-35.1,3894856,8.4,13.6,19.5,25.6,32.2
Calvin Ridley,WR,63,32,8.42,12.4,104.1,-35.3,3925357,104.4,104.4,104.4,104.4,104.4
Broderick Washington Jr.,DT,157,30,0.22,12.9,2.9,-35.6,3915837,2.8,2.8,2.8,2.8,2.8
Elijah Williams,DT,158,24,0.21,12.9,2.7,-35.7,4696782,2.7,2.7,2.7,2.7,2.7
Tony Adams,S,74,27,2.67,11.3,30.2,-35.8,4240532,9.6,18.3,30.4,42.8,55.1
Derrick Moore,DE,112,24,1.38,13.4,18.4,-35.9,4685461,18.5,18.5,18.5,18.5,18.5
Dane Belton,S,67,26,3.25,13.9,45.3,-36.0,4426686,26.7,38.5,48.1,58.1,65.8
Tyjae Spears,RB,42,25,9.66,11.2,107.7,-36.1,4428557,15.0,44.0,95.4,166.3,234.0
Ricky Barber,DT,159,25,0.17,12.9,2.3,-36.2,4428343,2.2,2.2,2.2,2.2,2.2
Jahdae Barron,CB,93,25,2.51,13.0,32.8,-36.3,4430925,13.2,23.3,32.8,43.3,57.2
Mike Danna,DE,113,29,1.34,13.4,17.9,-36.4,3915487,7.6,12.4,18.1,24.0,30.1
Tyler Lacy,DE,133,27,0.71,10.9,7.7,-36.5,4361861,2.0,4.8,7.8,11.0,14.4
Kingsley Enagbare,DE,114,26,1.32,13.4,17.6,-36.7,4362840,8.2,12.4,17.7,23.3,29.5
Ty Hamilton,DT,161,24,0.12,12.9,1.5,-36.9,4431118,0.6,1.1,1.6,2.1,2.7
Nick Barrett,DT,162,23,0.12,12.9,1.6,-36.9,4682818,1.5,1.5,1.5,1.5,1.5
Sai'vion Jones,DT,163,23,0.12,12.9,1.6,-36.9,4603189,1.5,1.5,1.5,1.5,1.5
Devaughn Vele,WR,69,29,7.64,10.2,77.8,-37.0,4569559,12.6,31.5,69.3,130.1,211.3
Andre Cisco,S,76,26,2.57,11.3,29.1,-37.0,4361939,9.1,17.9,29.5,41.2,53.8
Rashod Bateman,WR,70,27,7.62,10.2,77.6,-37.2,4360939,12.4,29.7,68.8,129.0,198.5
DeMonte Capehart,DT,164,24,0.08,12.9,1.1,-37.4,4429007,1.0,1.0,1.0,1.0,1.0
Danny Striggow,DE,138,24,0.62,10.9,6.7,-37.5,4573319,1.6,3.7,6.6,9.6,12.6
Andrew Wingard,S,69,30,3.08,13.6,41.8,-37.5,3918331,17.2,29.3,43.1,55.5,74.2
Cody Simon,LB,60,24,4.02,12.2,49.2,-37.6,4429071,13.1,27.9,48.4,72.3,102.3
Justin Strnad,LB,61,30,4.01,12.2,49.1,-37.7,3919548,13.1,26.1,46.9,72.8,100.9
Jalen McMillan,WR,64,25,8.21,12.4,101.5,-37.9,4430834,101.8,101.8,101.8,101.8,101.8
Michael Hoecht,DE,115,29,1.22,13.4,16.3,-38.1,4033234,16.3,16.3,16.3,16.3,16.3
Jordan Mason,RB,41,27,9.88,12.8,126.4,-38.4,4360569,33.4,67.3,125.8,185.4,254.3
Tre Tucker,WR,62,25,8.49,13.8,117.3,-38.4,4428718,44.1,77.0,114.6,156.7,192.5
Cade Otton,TE,31,27,6.26,12.8,80.1,-38.5,4243331,24.5,43.2,78.0,119.9,173.6
Tyree Wilson,DE,116,26,1.19,13.4,15.9,-38.5,4372533,6.7,11.1,16.0,21.3,27.2
Braiden McGregor,DE,144,25,0.49,10.9,5.4,-38.9,4429005,1.5,3.1,5.4,7.8,9.9
Carson Beck,QB,33,25,10.28,7.2,74.0,-39.0,4430841,74.0,74.0,74.0,74.0,74.0
George Gumbs Jr.,DE,117,24,1.14,13.4,15.2,-39.1,4708238,15.3,15.3,15.3,15.3,15.3
Jaylahn Tuimoloau,DE,145,23,0.46,10.9,5.0,-39.2,4566154,1.5,3.0,4.9,6.9,9.3
Joshua Josephs,DE,118,0,1.1,13.4,14.8,-39.7,5081392,14.7,14.7,14.7,14.7,14.7
Desjuan Johnson,DE,119,27,1.08,13.4,14.4,-39.9,4362294,14.5,14.5,14.5,14.5,14.5
Jaylin Noel,WR,65,24,8.04,12.4,99.4,-40.1,4586312,21.6,46.9,94.2,159.3,245.1
Jarrian Jones,CB,96,25,2.21,13.0,28.8,-40.2,4426448,11.6,20.4,29.0,38.1,47.9
CJ Allen,LB,62,21,3.8,12.2,46.5,-40.3,4870598,46.4,46.4,46.4,46.4,46.4
Oluwafemi Oladejo,DE,121,23,1.05,13.4,14.1,-40.3,4876057,14.1,14.1,14.1,14.1,14.1
Troy Dye,LB,63,30,3.77,12.2,46.2,-40.6,4038946,11.8,25.1,44.4,67.3,98.6
Khalid Kareem,DE,122,28,1.03,13.4,13.8,-40.6,4039029,13.8,13.8,13.8,13.8,13.8
Adonai Mitchell,WR,66,24,7.99,12.4,98.7,-40.7,4597500,20.4,45.2,91.4,162.2,242.8
Cedric Johnson,DE,149,24,0.32,10.9,3.5,-40.8,4430065,1.0,2.1,3.6,5.0,6.4
Max Melton,CB,107,24,1.38,10.5,14.4,-41.2,4698113,3.7,8.0,14.0,20.1,26.1
Caelen Carson,CB,108,24,1.38,10.5,14.5,-41.2,4431006,3.7,8.1,14.3,20.9,27.1
Connor O'Toole,DE,150,24,0.24,10.9,2.6,-41.6,4605491,0.7,1.6,2.6,3.7,4.8
Romello Height,DE,123,25,0.95,13.4,12.7,-41.7,4432244,12.7,12.7,12.7,12.7,12.7
Isaiah Pola-Mao,S,72,27,2.76,13.6,37.6,-41.9,4259632,15.0,26.6,38.4,50.7,67.2
SirVocea Dennis,LB,59,26,4.08,13.9,56.8,-42.0,4429511,25.3,41.7,57.3,70.8,80.3
Bud Dupree,DE,125,33,0.92,13.4,12.3,-42.1,2576702,5.1,8.4,12.1,16.2,20.8
Michael Penix Jr.,QB,32,26,10.78,8.6,92.2,-42.2,4360423,12.6,31.2,74.4,149.5,199.7
TJ Parker,DE,127,22,0.88,13.4,11.7,-42.6,4870886,11.8,11.8,11.8,11.8,11.8
Michael Mayer,TE,33,25,4.99,10.0,49.8,-42.8,4429086,10.4,22.9,45.9,77.8,117.8
Caleb Ransaw,S,73,24,2.69,13.6,36.6,-42.8,4683347,36.6,36.6,36.6,36.6,36.6
RJ Mickens,S,82,25,2.05,11.3,23.2,-42.8,4429018,7.0,13.6,22.9,32.7,44.2
James Houston,DE,129,28,0.84,13.4,11.3,-43.1,4240608,4.6,7.5,11.3,14.6,19.2
Jordan Hancock,S,83,23,2.03,11.3,23.0,-43.1,4596480,6.7,13.5,22.8,32.4,44.1
Jahlani Tavai,LB,67,30,2.69,9.8,26.4,-43.2,3124587,5.7,12.4,23.3,38.0,56.2
Quincy Riley,CB,97,25,1.98,13.0,25.8,-43.2,4428350,10.0,17.7,26.0,34.5,43.3
Deane Leonard,CB,112,27,1.18,10.5,12.3,-43.3,4690171,3.2,7.1,12.3,17.7,23.0
Jalen Nailor,WR,67,27,7.72,12.4,95.4,-44.0,4382466,23.1,49.2,94.0,155.5,234.2
Josh Newton,CB,98,26,1.91,13.0,24.9,-44.1,4365319,10.1,17.2,24.9,33.0,42.2
Michael Taaffe,S,75,23,2.6,13.6,35.4,-44.1,4880346,35.4,35.4,35.4,35.4,35.4
Jared Ivey,DE,130,25,0.73,13.4,9.7,-44.6,4605478,9.8,9.8,9.8,9.8,9.8
Que Robinson,DE,131,25,0.72,13.4,9.6,-44.8,4692048,9.6,9.6,9.6,9.6,9.6
Dani Dennis-Sutton,DE,132,23,0.71,13.4,9.5,-44.9,4685315,9.5,9.5,9.5,9.5,9.5
Wesley Williams,DE,134,22,0.71,13.4,9.5,-44.9,4832922,9.5,9.5,9.5,9.5,9.5
AJ Epenesa,DE,135,28,0.7,13.4,9.4,-45.0,4240585,4.0,6.5,9.3,12.4,15.7
Chuck Clark,S,77,31,2.47,13.6,33.6,-45.8,3045463,14.8,24.9,35.0,45.7,58.4
RJ Harvey,RB,43,25,9.29,12.8,118.8,-46.0,4568490,31.3,62.5,122.0,180.7,253.8
David Walker,DE,136,26,0.63,13.4,8.4,-46.0,5085355,8.4,8.4,8.4,8.4,8.4
Daniel Hardy,DE,137,28,0.63,13.4,8.4,-46.0,4365629,3.4,5.7,8.5,11.2,14.7
Justin Walley,CB,99,24,1.75,13.0,22.8,-46.1,4682909,22.8,22.8,22.8,22.8,22.8
Amik Robertson,CB,100,28,1.74,13.0,22.7,-46.3,4239694,9.3,15.9,23.0,30.7,38.3
Jonathan Owens,S,79,31,2.42,13.6,32.9,-46.5,4331768,14.9,24.9,34.7,44.2,56.9
D'Angelo Ponds,CB,101,21,1.7,13.0,22.2,-46.8,5118340,22.1,22.1,22.1,22.1,22.1
Jack Sawyer,DE,139,24,0.56,13.4,7.5,-46.9,4431590,3.3,5.3,7.5,9.8,12.7
Anfernee Jennings,DE,140,29,0.56,13.4,7.4,-46.9,3925350,3.2,5.3,7.6,10.1,12.6
Javontae Jean-Baptiste,DE,141,26,0.56,13.4,7.5,-46.9,4361357,7.5,7.5,7.5,7.5,7.5
Colton Hood,CB,102,21,1.69,13.0,22.1,-46.9,4921249,22.0,22.0,22.0,22.0,22.0
Jonathan Jones,CB,122,33,0.83,10.5,8.7,-46.9,2971027,2.0,4.6,8.6,12.6,16.4
Quintayvious Hutchins,DE,142,23,0.55,13.4,7.3,-47.0,4698181,7.4,7.4,7.4,7.4,7.4
Caden Curry,DE,143,23,0.55,13.4,7.3,-47.0,4685324,7.4,7.4,7.4,7.4,7.4
Malachi Moore,S,78,25,2.42,13.9,33.8,-47.5,4692024,19.9,28.7,35.9,43.7,48.9
Jaden Hicks,S,80,24,2.35,13.6,32.0,-47.5,4685232,13.8,23.1,32.7,43.1,54.7
Pete Werner,LB,65,27,3.2,12.2,39.2,-47.6,4241993,9.7,21.1,37.2,55.2,79.9
Micah Robinson,CB,126,24,0.71,10.5,7.4,-48.2,4695280,1.8,4.0,7.3,10.7,14.2
Trevor Nowaske,DE,146,28,0.42,13.4,5.7,-48.8,5144894,2.5,4.0,5.8,7.6,9.6
Jermod McCoy,CB,103,21,1.55,13.0,20.2,-48.8,5157289,20.2,20.2,20.2,20.2,20.2
Payton Wilson,LB,64,26,3.56,13.9,49.7,-49.2,4361652,20.7,35.4,50.2,62.2,72.1
Jason Pinnock,S,81,27,2.22,13.6,30.1,-49.2,4240706,13.1,21.8,31.8,40.9,52.7
MarShawn Lloyd,RB,44,25,8.54,11.4,97.1,-49.5,4429023,97.4,97.4,97.4,97.4,97.4
Mason Taylor,TE,37,22,4.32,10.0,43.1,-49.5,4808766,8.1,19.1,38.7,66.6,100.6
Marcellas Dial Jr.,CB,104,26,1.49,13.0,19.5,-49.5,4875079,19.4,19.4,19.4,19.4,19.4
Thomas Incoom,DE,147,27,0.36,13.4,4.9,-49.6,4714157,2.0,3.2,4.7,6.3,8.0
Jaylon Jones,CB,134,24,0.58,10.5,6.1,-49.6,4685145,1.4,3.4,6.1,8.8,11.6
Azareye'h Thomas,CB,135,22,0.57,10.5,6.0,-49.7,4685596,1.4,3.4,6.0,8.6,11.3
Keenan Allen,WR,68,34,7.65,13.8,105.7,-50.0,15818,39.2,70.7,103.6,139.5,169.0
Arnold Ebiketie,DE,148,27,0.33,13.4,4.4,-50.0,4257591,1.9,3.1,4.5,6.0,7.7
Jack Gibbens,LB,66,28,2.98,12.2,36.5,-50.3,4249739,8.6,20.3,36.0,54.1,76.2
Mekhi Blackmon,CB,105,27,1.4,13.0,18.2,-50.7,4360677,7.7,13.2,19.0,24.8,31.4
Tacario Davis,CB,106,22,1.4,13.0,18.2,-50.7,4726127,18.2,18.2,18.2,18.2,18.2
Carrington Valentine,CB,109,25,1.37,13.0,17.8,-51.1,4430965,7.4,12.9,18.4,24.0,30.3
Thomas Harper,S,94,26,1.32,11.3,15.0,-51.1,4569323,4.4,9.0,15.3,21.4,28.6
Tyrus Wheat,DE,151,27,0.22,13.4,2.9,-51.5,4689333,1.3,2.1,3.0,3.9,4.9
Caleb Douglas,WR,71,23,7.07,12.4,87.3,-52.1,4869645,87.7,87.7,87.7,87.7,87.7
Keyon Martin,CB,146,,0.31,10.5,3.2,-52.4,4694334,0.8,1.9,3.2,4.7,6.2
Jaylen McCollough,S,84,26,1.94,13.6,26.4,-53.0,4427120,11.2,19.4,27.6,35.4,46.0
Alvin Kamara,RB,46,31,8.14,11.2,90.8,-53.1,3054850,15.7,39.1,82.3,137.2,194.4
Justice Hill,RB,47,29,7.45,9.8,73.0,-53.2,4038441,10.3,25.5,58.0,118.5,192.6
Malik Muhammad,CB,110,22,1.19,13.0,15.5,-53.4,4870953,15.5,15.5,15.5,15.5,15.5
Avieon Terrell,CB,111,21,1.18,13.0,15.4,-53.6,4870988,15.3,15.3,15.3,15.3,15.3
Ar'Darius Washington,S,85,27,1.9,13.6,25.8,-53.6,4362492,25.8,25.8,25.8,25.8,25.8
Julian Neal,CB,113,23,1.16,13.0,15.1,-53.8,4684543,15.1,15.1,15.1,15.1,15.1
Johnathan Edwards,CB,114,25,1.15,13.0,14.9,-54.0,4695991,6.0,10.7,15.4,20.0,25.0
Christian Izien,S,86,26,1.87,13.6,25.3,-54.0,4372459,10.9,18.4,26.4,34.4,44.7
Davison Igbinosun,CB,115,22,1.13,13.0,14.8,-54.2,4832035,14.7,14.7,14.7,14.7,14.7
Kei'Trel Clark,CB,116,25,1.13,13.0,14.8,-54.2,4426923,6.1,10.4,14.8,19.5,25.0
Marques Sigle,S,87,24,1.85,13.6,25.2,-54.3,4693337,11.1,18.3,25.7,33.6,42.9
Malik Washington,WR,73,25,6.88,12.4,85.0,-54.4,4569603,20.4,42.4,83.2,140.0,209.5
Cole Holcomb,LB,68,30,2.62,12.2,32.1,-54.7,3116689,9.4,18.6,32.4,47.0,68.3
Darius Muasau,LB,84,25,1.51,9.8,14.8,-54.8,4428072,3.2,7.6,13.5,21.2,30.9
Jalen Davis,CB,117,30,1.07,13.0,14.0,-55.0,3125356,13.9,13.9,13.9,13.9,13.9
Ja'Kobi Lane,WR,74,22,6.83,12.4,84.4,-55.1,4870847,84.7,84.7,84.7,84.7,84.7
Asante Samuel Jr.,CB,118,27,1.06,13.0,13.9,-55.1,4363034,13.8,13.8,13.8,13.8,13.8
Elijah Arroyo,TE,42,23,3.72,10.0,37.1,-55.5,4678006,7.4,16.0,32.5,55.5,84.3
Ennis Rakestraw Jr.,CB,119,24,1.01,13.0,13.1,-55.8,4566092,13.1,13.1,13.1,13.1,13.1
Dontayvion Wicks,WR,75,25,6.75,12.4,83.5,-56.0,4428850,17.6,39.7,81.4,137.9,206.5
Clark Phillips III,CB,120,25,0.98,13.0,12.7,-56.2,4429067,12.7,12.7,12.7,12.7,12.7
Germie Bernard,WR,76,23,6.72,12.4,83.0,-56.4,4685261,83.3,83.3,83.3,83.3,83.3
Lathan Ransom,S,88,24,1.68,13.6,22.9,-56.6,4429110,9.1,15.9,23.0,30.1,40.0
Jay Ward,S,89,26,1.67,13.6,22.7,-56.7,4568007,9.5,16.7,23.7,30.5,39.4
Jalon Kilgore,S,90,21,1.66,13.6,22.5,-56.8,5076951,22.6,22.6,22.6,22.6,22.6
Danny Stutsman,LB,70,23,2.41,12.2,29.5,-57.2,4683215,8.1,16.6,29.2,44.2,62.1
Woody Marks,RB,45,26,8.38,12.8,107.3,-57.6,4429059,27.1,54.8,103.1,153.4,218.9
Oronde Gadsden,TE,34,23,4.76,12.8,60.9,-57.7,4595342,17.3,33.0,57.4,89.4,136.1
Jaylin Smith,CB,121,23,0.85,13.0,11.0,-57.9,4594277,11.0,11.0,11.0,11.0,11.0
Jauan Jennings,WR,72,29,7.07,13.8,97.7,-58.0,3886598,34.6,63.7,95.3,130.7,160.8
Michael Carter II,S,102,27,0.71,11.3,8.0,-58.0,4240456,2.4,4.7,8.0,11.2,14.9
Rayshawn Jenkins,S,91,32,1.57,13.6,21.3,-58.1,2969961,8.9,15.6,22.2,29.1,40.1
Jalen Tolbert,WR,82,27,5.54,10.2,56.4,-58.4,4249417,10.5,23.4,52.8,98.1,153.7
Branson Combs,LB,92,26,1.14,9.8,11.1,-58.4,4572704,2.5,5.5,10.1,16.8,24.3
Keith Abney II,CB,123,21,0.81,13.0,10.6,-58.4,5093004,10.5,10.5,10.5,10.5,10.5
Jadon Canady,CB,124,23,0.81,13.0,10.6,-58.4,4710706,10.5,10.5,10.5,10.5,10.5
Percy Butler,CB,125,26,0.79,13.0,10.4,-58.6,4363097,4.3,7.4,10.4,13.7,17.3
Kyle Louis,LB,71,22,2.26,12.2,27.6,-59.0,4880273,27.6,27.6,27.6,27.6,27.6
Kitan Oladapo,S,92,26,1.5,13.6,20.4,-59.0,4374037,8.3,15.2,21.4,27.9,37.4
Colby Parkinson,TE,35,27,4.63,12.8,59.3,-59.4,4242557,17.8,32.8,57.2,90.8,128.9
Daniel Thomas,S,109,28,0.56,11.3,6.3,-59.7,4035505,1.9,3.9,6.5,9.0,11.8
Emmanuel Forbes Jr.,CB,127,25,0.67,13.0,8.7,-60.2,4429767,3.4,6.1,9.0,11.6,14.8
Keionte Scott,CB,128,25,0.65,13.0,8.5,-60.4,5093694,8.5,8.5,8.5,8.5,8.5
Akayleb Evans,CB,129,27,0.65,13.0,8.4,-60.4,4244607,3.6,5.8,8.5,11.3,14.4
Dell Pettus,S,93,25,1.39,13.6,18.9,-60.5,4428232,8.4,13.9,19.8,25.4,32.1
DJ Ivey,CB,130,26,0.63,13.0,8.3,-60.7,4362502,3.3,5.7,8.3,11.1,13.9
Josh Blackwell,CB,131,27,0.62,13.0,8.1,-60.8,4240459,3.4,5.8,8.4,11.1,14.3
Benjamin St-Juste,CB,132,29,0.62,13.0,8.1,-60.8,4258206,3.4,5.9,8.4,11.0,13.7
Tatum Bethune,LB,72,25,2.1,12.2,25.7,-61.0,4426698,7.1,14.1,25.3,38.3,54.7
Oren Burks,LB,73,31,2.1,12.2,25.7,-61.0,3051746,7.1,14.6,25.4,38.0,56.1
Noah Igbinoghene,CB,133,27,0.58,13.0,7.6,-61.4,4242516,3.0,5.0,7.5,9.9,12.6
Cooper Kupp,WR,77,33,6.29,12.4,77.7,-61.8,2977187,17.6,37.3,73.5,129.0,192.3
Darnell Washington,TE,36,25,4.44,12.8,56.8,-61.8,4430802,17.3,31.9,55.2,83.5,123.0
Ephesians Prysock,CB,136,23,0.55,13.0,7.1,-61.8,4685523,7.2,7.2,7.2,7.2,7.2
Chris Roland-Wallace,S,112,25,0.35,11.3,4.0,-62.0,4428383,1.2,2.4,4.0,5.6,7.4
Nehemiah Pritchett,CB,137,25,0.52,13.0,6.8,-62.1,4567222,2.5,4.6,6.8,9.1,11.4
Anthony Hill Jr.,LB,74,21,1.97,12.2,24.1,-62.6,4870805,24.0,24.0,24.0,24.0,24.0
Del'Shawn Phillips,LB,75,30,1.97,12.2,24.1,-62.6,4240528,7.2,14.0,23.5,34.6,49.5
Ronnie Harrison Jr.,LB,110,29,0.7,9.8,6.9,-62.7,3859006,1.6,3.7,6.5,10.3,14.8
Deonte Banks,CB,138,,0.48,13.0,6.2,-62.7,4428328,2.5,4.4,6.3,8.5,10.8
Kelee Ringo,CB,139,24,0.48,13.0,6.3,-62.7,4428992,2.5,4.3,6.4,8.4,10.8
Karene Reid,LB,111,26,0.69,9.8,6.7,-62.8,4875336,1.5,3.3,6.4,10.1,14.6
Siran Neal,CB,140,32,0.47,13.0,6.1,-62.8,3057524,2.5,4.4,6.4,8.4,10.3
T.J. Tampa,CB,141,24,0.45,13.0,5.9,-63.0,4575483,2.5,4.0,5.9,7.9,10.2
Brandin Echols,CB,142,29,0.44,13.0,5.7,-63.2,4567979,2.3,3.9,5.8,7.6,9.7
Charles Woods,CB,143,26,0.43,13.0,5.6,-63.3,4368113,2.2,3.9,5.6,7.5,9.4
Christian Braswell,CB,144,27,0.43,13.0,5.5,-63.3,4257580,2.4,4.1,5.7,7.6,9.5
Erick All Jr.,TE,38,26,4.32,12.8,55.3,-63.4,4427834,55.3,55.3,55.3,55.3,55.3
Devin White,LB,69,28,2.54,13.9,35.4,-63.4,4035434,16.2,25.8,35.9,44.2,51.6
Josiah Trotter,LB,76,21,1.89,12.2,23.1,-63.6,4870998,23.1,23.1,23.1,23.1,23.1
Karon Prunty,CB,145,25,0.38,13.0,4.9,-64.0,4606666,4.9,4.9,4.9,4.9,4.9
Trenton Simpson,LB,77,25,1.84,12.2,22.5,-64.2,4430831,6.0,12.4,21.5,32.4,46.3
Jordan Howden,S,95,26,1.11,13.6,15.1,-64.3,4360949,6.5,11.0,15.8,20.7,26.6
Isiah Pacheco,RB,48,27,6.3,9.8,61.8,-64.5,4361529,9.7,23.7,52.6,98.1,163.3
Kiko Mauigoa,LB,115,23,0.5,9.8,4.9,-64.7,4700136,1.0,2.3,4.6,7.5,10.9
Tremon Smith,CB,147,30,0.29,13.0,3.8,-65.1,3134448,1.7,2.7,3.8,5.1,6.4
Kris Abrams-Draine,CB,148,25,0.29,13.0,3.8,-65.1,4429193,1.4,2.6,3.8,5.0,6.4
Dawson Knox,TE,39,30,4.18,12.8,53.5,-65.2,3930086,15.1,28.3,51.4,79.6,122.2
Daylen Everette,CB,149,22,0.28,13.0,3.6,-65.3,4685327,3.6,3.6,3.6,3.6,3.6
Qwan'tez Stiggers,CB,150,24,0.28,13.0,3.7,-65.3,5208977,1.4,2.5,3.7,4.9,6.1
Kyle Dugger,S,96,30,1.04,13.6,14.1,-65.3,4401811,6.0,10.2,14.6,19.4,24.8
Will Lee III,CB,151,23,0.27,13.0,3.6,-65.4,5151083,3.5,3.5,3.5,3.5,3.5
Tyrice Knight,LB,78,26,1.73,12.2,21.1,-65.5,4686540,5.2,11.2,20.3,30.4,42.8
Chazz Surratt,LB,118,29,0.37,9.8,3.6,-66.0,4037521,0.8,1.8,3.4,5.3,7.9
Garret Wallow,LB,121,27,0.36,9.8,3.5,-66.1,4241807,0.8,1.7,3.3,5.2,7.6
Josh Woods,LB,122,30,0.35,9.8,3.4,-66.2,3128303,0.8,1.7,3.2,5.1,7.3
Malcolm Rodriguez,LB,79,27,1.64,12.2,20.1,-66.6,4241411,20.0,20.0,20.0,20.0,20.0
Wade Woodaz,LB,81,22,1.63,12.2,20.0,-66.7,4837286,19.9,19.9,19.9,19.9,19.9
Jack Jones,CB,152,29,0.17,13.0,2.2,-66.7,4035686,0.9,1.5,2.3,3.0,3.8
Hezekiah Masses,CB,153,22,0.17,13.0,2.2,-66.7,4917354,2.2,2.2,2.2,2.2,2.2
Ameer Speed,CB,154,27,0.17,13.0,2.2,-66.7,4259546,2.2,2.2,2.2,2.2,2.2
Charles Demmings,CB,155,23,0.16,13.0,2.1,-66.8,5091793,2.1,2.1,2.1,2.1,2.1
Josh Wallace,CB,156,26,0.16,13.0,2.1,-66.8,4572371,0.8,1.5,2.1,2.8,3.5
Ja'Tavion Sanders,TE,49,23,2.58,10.0,25.7,-66.9,4431588,4.7,11.7,23.6,40.3,62.9
Emmanuel McNeil-Warren,S,97,22,0.9,13.6,12.3,-67.2,4837186,12.2,12.2,12.2,12.2,12.2
C.J. Henderson,CB,157,28,0.12,13.0,1.5,-67.3,4240596,1.6,1.6,1.6,1.6,1.6
Leo Chenal,LB,82,26,1.54,12.2,18.9,-67.8,4426901,5.4,10.6,18.2,27.4,38.6
Keon Coleman,WR,92,23,4.61,10.2,47.0,-67.9,4635008,8.7,20.2,45.3,81.8,126.7
Sydney Brown,S,98,26,0.85,13.6,11.6,-67.9,4360386,4.8,8.3,12.0,15.5,20.1
Xavier Legette,WR,78,25,5.79,12.4,71.6,-68.0,4430034,15.5,34.5,67.1,114.7,172.1
Zaire Barnes,LB,127,27,0.16,9.8,1.5,-68.0,4362234,0.4,0.8,1.4,2.3,3.3
Avonte Maddox,S,99,30,0.84,13.6,11.5,-68.0,3123938,4.8,8.2,11.9,15.3,19.5
Theo Jackson,S,100,28,0.84,13.6,11.5,-68.0,4242436,4.7,8.2,11.7,15.5,20.7
Joe Andreessen,LB,83,26,1.52,12.2,18.6,-68.1,4366349,4.6,10.1,18.2,27.1,38.5
Justin Jefferson,LB,85,23,1.49,12.2,18.2,-68.4,5150249,18.2,18.2,18.2,18.2,18.2
Keaton Mitchell,RB,51,24,5.89,9.8,57.7,-68.5,4596334,9.5,21.1,46.1,94.4,149.1
Jack Cochrane,LB,86,27,1.48,12.2,18.1,-68.6,4249766,4.4,9.8,17.4,26.2,37.3
Jahan Dotson,WR,79,26,5.73,12.4,70.8,-68.7,4361409,16.6,34.6,66.9,118.3,173.9
Jalen Huskey,S,101,23,0.77,13.6,10.5,-69.0,4912185,10.5,10.5,10.5,10.5,10.5
Kendal Daniels,LB,87,24,1.43,12.2,17.4,-69.2,4595343,17.4,17.4,17.4,17.4,17.4
Tyler Higbee,TE,55,33,2.32,10.0,23.2,-69.5,2573401,4.8,10.6,21.5,37.5,57.0
Tua Tagovailoa,QB,34,28,10.17,12.6,128.6,-69.6,4241479,38.5,76.8,131.2,176.4,218.3
Xavier Hutchinson,WR,80,26,5.65,12.4,69.9,-69.7,4686422,16.1,35.6,67.7,118.9,174.9
D'Marco Jackson,LB,88,28,1.37,12.2,16.8,-69.9,4241007,4.7,9.7,16.6,24.2,34.2
Devon Key,S,103,29,0.69,13.6,9.4,-70.0,4037559,3.9,6.9,9.8,12.6,16.3
Jake Hansen,LB,89,28,1.32,12.2,16.1,-70.5,4033812,4.0,8.2,15.6,23.4,32.6
Theo Johnson,TE,40,25,3.75,12.8,48.0,-70.7,4429148,14.6,26.3,46.1,70.4,104.3
Tre' Harris,WR,81,24,5.56,12.4,68.7,-70.8,4686612,15.3,32.8,66.4,115.2,167.4
Noah Gray,TE,41,27,3.74,12.8,47.8,-70.8,4240472,15.0,26.4,46.8,72.5,106.9
Micah McFadden,LB,90,26,1.3,12.2,16.0,-70.8,4371961,15.9,15.9,15.9,15.9,15.9
P.J. Locke,S,104,29,0.61,13.6,8.3,-71.1,3929850,3.8,6.2,8.7,11.3,14.5
Ryan Flournoy,WR,83,27,5.52,12.4,68.2,-71.3,5083754,16.5,34.6,65.5,114.2,170.4
Miles Killebrew,S,105,33,0.59,13.6,8.0,-71.4,2575164,8.0,8.0,8.0,8.0,8.0
Robert Spears-Jennings,S,106,22,0.59,13.6,8.0,-71.4,4820584,8.0,8.0,8.0,8.0,8.0
Tyler Owens,S,107,25,0.59,13.6,8.0,-71.4,4572460,3.5,5.8,8.3,10.9,13.9
Jaylen Reed,S,108,23,0.58,13.6,7.9,-71.5,4432758,7.9,7.9,7.9,7.9,7.9
Cade Stover,TE,57,26,2.09,10.0,20.9,-71.8,4426496,4.3,9.5,19.2,32.9,51.1
Chris Bell,WR,84,22,5.44,12.4,67.3,-72.3,4869961,67.5,67.5,67.5,67.5,67.5
Omar Cooper Jr.,WR,85,23,5.42,12.4,67.0,-72.5,4723820,67.2,67.2,67.2,67.2,67.2
Jake Golday,LB,91,23,1.14,12.2,13.9,-72.7,4877652,13.9,13.9,13.9,13.9,13.9
Hunter Wohler,S,110,23,0.48,13.6,6.6,-72.9,4432789,6.5,6.5,6.5,6.5,6.5
Willie Gay Jr.,LB,93,28,1.12,12.2,13.7,-73.0,4259804,3.6,7.2,13.2,20.2,28.4
Kamari Ramsey,S,111,22,0.41,13.6,5.5,-73.8,4685518,5.6,5.6,5.6,5.6,5.6
Malachi Fields,WR,86,23,5.3,12.4,65.6,-74.0,4682648,65.7,65.7,65.7,65.7,65.7
Tory Horton,WR,100,24,3.98,10.2,40.5,-74.4,4597703,6.5,17.0,37.0,66.8,103.2
Claudin Cherelus,LB,94,28,0.98,12.2,12.0,-74.7,4256224,3.2,6.9,11.7,17.6,24.7
Shemar James,LB,95,22,0.95,12.2,11.6,-75.0,4685400,3.2,6.5,11.4,16.6,23.3
Samaje Perine,RB,49,31,6.28,11.4,71.4,-75.2,3116389,10.3,24.5,57.2,112.4,181.6
Ashtyn Davis,S,113,30,0.3,13.6,4.0,-75.3,3858271,1.7,2.9,4.2,5.4,7.3
Dalton Johnson,S,114,23,0.3,13.6,4.1,-75.3,4682488,4.1,4.1,4.1,4.1,4.1
Sam Franklin Jr.,S,115,30,0.3,13.6,4.1,-75.3,4044133,1.8,3.0,4.2,5.5,7.2
Rayuan Lane III,S,116,23,0.3,13.6,4.1,-75.3,4880675,1.7,2.9,4.3,5.4,7.0
Harold Perkins Jr.,LB,96,22,0.9,12.2,11.0,-75.6,4685502,11.0,11.0,11.0,11.0,11.0
Jalon Daniels,QB,38,24,0.85,5.1,4.3,-75.7,4596472,4.3,4.3,4.3,4.3,4.3
Elijah Hicks,S,117,27,0.27,13.6,3.7,-75.8,4242402,1.5,2.7,3.8,5.0,6.6
Christian Rozeboom,LB,80,29,1.63,13.9,22.7,-76.0,3909013,10.4,16.8,22.9,28.5,32.1
Ivan Pace Jr.,LB,97,26,0.83,12.2,10.2,-76.5,4430280,2.7,5.6,9.9,15.2,22.1
Markquese Bell,S,118,27,0.21,13.6,2.9,-76.6,4241921,1.2,2.1,3.0,3.9,5.1
DeMario Douglas,WR,87,26,5.07,12.4,62.6,-76.9,4427095,12.8,28.7,57.4,96.9,150.3
Cade Klubnik,QB,65,23,0.61,5.1,3.1,-76.9,4685413,3.1,3.1,3.1,3.1,3.1
Cole Kmet,TE,43,27,3.26,12.8,41.7,-76.9,4258595,11.6,22.4,41.5,63.8,96.3
Jack Sanborn,LB,98,26,0.79,12.2,9.6,-77.0,4372576,9.6,9.6,9.6,9.6,9.6
PJ Jules,S,119,25,0.18,13.6,2.5,-77.0,4429946,1.1,1.8,2.5,3.3,4.1
Kitan Crawford,S,120,25,0.18,13.6,2.4,-77.0,4430821,1.0,1.7,2.5,3.3,4.3
JL Skinner,S,121,25,0.17,13.6,2.3,-77.1,4428503,1.0,1.7,2.4,3.2,4.1
Jeffrey Bassa,LB,99,24,0.77,12.2,9.4,-77.2,4602389,2.5,5.0,8.9,13.3,18.8
Jaishawn Barham,LB,100,22,0.76,12.2,9.3,-77.3,4685266,9.3,9.3,9.3,9.3,9.3
Shaun Dolac,LB,101,25,0.76,12.2,9.2,-77.3,4693848,2.4,4.9,9.1,13.5,19.8
Jordan Turner,LB,102,25,0.76,12.2,9.3,-77.3,4693373,9.3,9.3,9.3,9.3,9.3
Marlowe Wax,LB,103,24,0.76,12.2,9.3,-77.3,4431467,2.4,5.1,9.0,13.5,19.2
Jimmy Rolder,LB,104,22,0.75,12.2,9.1,-77.5,4896353,9.1,9.1,9.1,9.1,9.1
Easton Mascarenas-Arnold,LB,105,24,0.75,12.2,9.2,-77.5,5085888,2.2,5.0,8.9,13.1,18.4
Swayze Bozeman,LB,106,28,0.75,12.2,9.2,-77.5,4570546,9.1,9.1,9.1,9.1,9.1
Austin Ajiake,LB,107,26,0.74,12.2,9.1,-77.6,4374171,2.4,5.1,8.8,13.0,19.0
Namdi Obiazor,LB,108,24,0.74,12.2,9.1,-77.6,5085407,9.0,9.0,9.0,9.0,9.0
Chris Rumph II,LB,109,28,0.73,12.2,9.0,-77.7,4240475,2.2,4.6,8.4,12.8,18.7
Genesis Smith,S,122,22,0.12,13.6,1.6,-77.8,4950551,1.6,1.6,1.6,1.6,1.6
Zachariah Branch,WR,88,22,4.98,12.4,61.5,-78.0,4870612,61.8,61.8,61.8,61.8,61.8
Darius Slayton,WR,89,29,4.96,12.4,61.3,-78.2,3916945,12.4,27.5,58.0,98.5,148.1
James Williams Sr.,LB,112,23,0.65,12.2,7.9,-78.7,4431613,2.3,4.5,7.9,11.7,16.4
Brian Robinson Jr.,RB,50,27,5.97,11.4,67.9,-78.8,4241474,10.4,27.5,58.9,110.3,163.9
Kaleb Elarms-Orr,LB,113,23,0.6,12.2,7.4,-79.3,4594321,7.3,7.3,7.3,7.3,7.3
Jeremiah Trotter Jr.,LB,114,24,0.54,12.2,6.7,-80.0,4432777,1.7,3.7,6.5,9.7,13.7
Antonio Williams,WR,90,22,4.77,12.4,59.0,-80.6,5081432,59.1,59.1,59.1,59.1,59.1
Drew Sample,TE,44,30,2.97,12.8,38.0,-80.6,3127310,10.8,19.8,35.1,56.3,85.9
Tyquan Thornton,WR,91,26,4.73,12.4,58.5,-81.1,4362921,12.8,28.4,55.0,93.4,139.9
Brock Wright,TE,69,28,1.13,10.0,11.3,-81.4,4242392,2.4,5.2,10.4,17.7,27.7
Foster Moreau,TE,70,29,1.13,10.0,11.2,-81.4,3843945,2.3,5.0,10.2,17.4,26.8
Nate Adkins,TE,73,27,1.1,10.0,10.9,-81.7,4383440,2.1,5.1,9.6,16.8,25.8
Bryce Boettcher,LB,116,24,0.38,12.2,4.6,-82.0,5088571,4.6,4.6,4.6,4.6,4.6
Marcelino McCrary-Ball,LB,117,27,0.38,12.2,4.6,-82.0,4045299,4.6,4.6,4.6,4.6,4.6
Cooper McDonald,LB,119,24,0.37,12.2,4.6,-82.1,4567826,1.2,2.5,4.3,6.6,9.3
Karson Sharar,LB,120,23,0.37,12.2,4.6,-82.1,4709695,4.5,4.5,4.5,4.5,4.5
Isaiah McDuffie,LB,123,27,0.33,12.2,4.0,-82.6,4239947,1.0,2.3,4.0,6.0,8.4
Eli Raridon,TE,45,22,2.81,12.8,36.0,-82.7,4831959,36.0,36.0,36.0,36.0,36.0
Tommy Eichenberg,LB,124,25,0.3,12.2,3.7,-83.0,4429560,1.1,2.1,3.7,5.4,7.6
Joshua Palmer,WR,108,27,3.11,10.2,31.6,-83.2,4242433,4.7,12.5,27.6,51.8,83.3
Carson Bruener,LB,125,25,0.23,12.2,2.8,-83.8,4429490,0.7,1.5,2.8,4.1,5.7
Ty'Ron Hopper,LB,126,25,0.22,12.2,2.7,-83.9,4567406,0.8,1.5,2.7,4.0,5.9
Isaac TeSlaa,WR,93,24,4.49,12.4,55.5,-84.1,5123663,12.7,25.9,51.3,88.1,128.6
Pat Bryant,WR,94,24,4.49,12.4,55.5,-84.1,4600981,11.1,26.9,51.6,89.4,137.1
Austin Hooper,TE,46,32,2.67,12.8,34.2,-84.5,3043275,10.5,18.7,33.5,51.5,76.2
Tommy Tremble,TE,47,26,2.65,12.8,33.9,-84.7,4372780,10.4,18.9,33.8,51.7,76.2
Smael Mondon Jr.,LB,128,23,0.15,12.2,1.8,-84.8,4431573,0.5,1.0,1.8,2.7,3.8
Jordan Magee,LB,129,25,0.15,12.2,1.8,-84.8,4568617,0.5,1.1,1.8,2.7,3.8
Dylan Sampson,RB,53,22,5.43,11.4,61.7,-84.9,5081397,9.9,23.1,49.4,99.1,151.2
Elijah Higgins,TE,48,26,2.64,12.8,33.8,-84.9,4426844,10.7,18.0,33.5,50.5,73.5
Luke Gifford,LB,130,31,0.14,12.2,1.7,-84.9,3116097,0.4,0.9,1.7,2.5,3.6
Jonnu Smith,TE,50,31,2.51,12.8,32.1,-86.5,3054212,8.9,17.7,31.3,47.3,71.0
Treylon Burks,WR,112,26,2.74,10.2,28.0,-87.0,4567156,4.7,11.3,26.3,48.5,75.4
Josh Whyle,TE,77,27,0.57,10.0,5.7,-87.0,4360086,1.2,2.6,5.1,8.7,13.5
Ty Johnson,RB,54,29,5.22,11.4,59.3,-87.3,3915411,10.4,23.7,52.1,94.4,143.0
Noah Fant,TE,51,29,2.45,12.8,31.3,-87.3,4036131,9.2,16.9,30.4,45.2,66.0
Tyler Conklin,TE,80,31,0.53,10.0,5.3,-87.4,3915486,1.1,2.5,4.9,8.2,12.4
Devontez Walker,WR,113,25,2.68,10.2,27.3,-87.6,4696882,4.6,11.6,24.2,43.9,71.0
Will Kacmarek,TE,52,23,2.43,12.8,31.1,-87.6,4880236,31.1,31.1,31.1,31.1,31.1
Eric Saubert,TE,86,32,0.51,10.0,5.0,-87.6,2975863,1.0,2.4,4.7,7.8,12.4
Hunter Long,TE,91,28,0.49,10.0,4.9,-87.8,4239944,1.1,2.1,4.3,7.7,11.9
Andrei Iosivas,WR,95,27,4.16,12.4,51.4,-88.2,4368003,11.6,24.9,48.8,83.1,127.0
Kevin Coleman Jr.,WR,96,23,4.15,12.4,51.3,-88.3,4685307,51.5,51.5,51.5,51.5,51.5
Josh Oliver,TE,53,29,2.37,12.8,30.3,-88.3,3921690,8.4,16.8,29.5,46.1,65.6
Marvin Mims Jr.,WR,97,24,4.14,12.4,51.2,-88.4,4686472,11.7,24.3,48.4,81.4,129.6
Adam Trautman,TE,54,29,2.36,12.8,30.2,-88.4,3911853,9.0,16.7,30.7,46.3,68.9
Jack Bech,WR,98,24,4.05,12.4,50.1,-89.5,4603186,10.7,24.0,46.1,78.7,118.7
Savion Williams,WR,115,25,2.49,10.2,25.3,-89.6,4431487,4.1,10.4,22.1,42.0,67.1
Najee Harris,RB,55,28,5.01,11.4,57.0,-89.7,4241457,57.1,57.1,57.1,57.1,57.1
Tyler Allgeier,RB,52,26,5.85,12.8,74.9,-90.0,4373626,18.9,39.0,74.2,108.1,150.7
Ted Hurst III,WR,99,22,3.99,12.4,49.3,-90.3,5220680,49.5,49.5,49.5,49.5,49.5
Charlie Kolar,TE,56,27,2.18,12.8,27.9,-90.8,4241263,8.3,15.5,26.5,41.2,62.6
Malik Davis,RB,65,28,3.57,9.8,35.0,-91.2,4240603,5.2,13.3,29.0,56.9,92.0
Darnell Mooney,WR,101,29,3.91,12.4,48.4,-91.3,4040655,11.1,24.4,47.8,77.6,118.2
Braelon Allen,RB,56,22,4.86,11.4,55.2,-91.4,4685247,55.4,55.4,55.4,55.4,55.4
KaVontae Turpin,WR,102,30,3.9,12.4,48.2,-91.4,3676833,9.6,24.1,45.5,76.7,115.4
John Bates,TE,58,29,2.09,12.8,26.8,-91.9,4048228,7.9,14.7,26.2,41.0,62.4
Chris Rodriguez Jr.,RB,58,26,4.62,11.2,51.5,-92.5,4362619,7.2,20.5,48.9,80.9,112.7
Jonah Coleman,RB,57,23,4.66,11.4,53.0,-93.7,4702555,53.1,53.1,53.1,53.1,53.1
Tutu Atwell,WR,122,27,1.88,10.2,19.2,-95.8,4360797,2.7,7.5,17.3,32.0,50.0
Ashton Dulin,WR,123,29,1.82,10.2,18.5,-96.4,4061956,3.1,7.2,16.6,29.8,46.4
Mack Hollins,WR,103,33,3.49,12.4,43.1,-96.5,2991662,9.2,19.7,38.5,66.8,102.3
Chris Brooks,RB,59,26,4.41,11.4,50.1,-96.6,3149687,7.2,18.2,42.3,80.5,124.8
Eli Stowers,TE,59,23,1.72,12.8,22.0,-96.6,4431574,22.0,22.0,22.0,22.0,22.0
Malik Benson,WR,104,24,3.47,12.4,42.8,-96.7,5150247,43.0,43.0,43.0,43.0,43.0
Luke Schoonmaker,TE,60,28,1.7,12.8,21.8,-96.9,4372096,6.6,11.9,21.2,33.1,48.0
Jackson Hawes,TE,61,26,1.7,12.8,21.7,-96.9,4573699,6.6,12.2,21.4,33.4,48.1
Roman Wilson,WR,125,25,1.75,10.2,17.8,-97.1,4431492,2.9,7.0,15.6,28.7,46.9
Mo Alie-Cox,TE,62,33,1.68,12.8,21.5,-97.2,2998565,5.9,11.6,20.9,32.7,49.2
Daniel Bellinger,TE,63,26,1.64,12.8,20.9,-97.7,4361516,6.3,11.2,19.1,30.7,46.4
Corey Kiner,RB,60,24,4.28,11.4,48.6,-98.0,4431431,48.8,48.8,48.8,48.8,48.8
Jaylen Wright,RB,68,23,2.88,9.8,28.3,-98.0,4682745,4.3,9.7,23.4,47.0,74.7
Ben Sinnott,TE,64,24,1.6,12.8,20.5,-98.2,4690923,6.2,11.6,20.0,30.6,47.1
Mike Washington Jr.,RB,61,23,4.25,11.4,48.3,-98.4,4686658,48.5,48.5,48.5,48.5,48.5
Jeremy Ruckert,TE,65,26,1.52,12.8,19.5,-99.2,4361372,5.4,10.4,18.5,28.5,41.9
Cyrus Allen,WR,105,23,3.24,12.4,40.0,-99.6,4912218,40.2,40.2,40.2,40.2,40.2
Kyle Williams,WR,106,24,3.17,12.4,39.1,-100.4,4613202,8.4,19.0,36.9,64.7,99.2
Kirk Cousins,QB,36,38,4.02,8.6,34.4,-100.4,14880,4.9,11.6,27.9,54.1,72.1
Durham Smythe,TE,66,31,1.43,12.8,18.3,-100.4,3052897,5.6,10.1,18.2,27.5,41.1
Tank Bigsby,RB,62,25,4.05,11.4,46.1,-100.7,4429013,7.2,17.9,40.2,76.9,117.0
George Holani,RB,71,27,2.6,9.8,25.5,-100.7,4429835,3.9,9.2,20.8,41.2,66.2
Kendrick Bourne,WR,109,31,3.06,12.4,37.8,-101.8,3045523,7.3,17.8,35.2,59.5,86.9
Jimmy Horn Jr.,WR,134,24,1.28,10.2,13.0,-101.9,4708486,2.0,5.2,11.6,21.3,34.0
Jake Tonges,TE,67,27,1.24,12.8,15.9,-102.8,4259147,4.8,9.0,16.0,24.2,36.3
Kaelon Black,RB,63,25,3.85,11.4,43.7,-102.9,4696044,43.9,43.9,43.9,43.9,43.9
Davis Allen,TE,68,25,1.18,12.8,15.1,-103.6,4426553,4.4,8.4,14.3,21.8,32.6
Luke McCaffrey,WR,138,25,1.1,10.2,11.2,-103.7,4426948,1.9,4.9,10.4,19.5,31.3
KeAndre Lambert-Smith,WR,139,25,1.1,10.2,11.2,-103.7,4430870,2.0,4.9,10.4,19.1,30.2
Dyami Brown,WR,110,27,2.87,12.4,35.5,-104.2,4361577,8.3,17.3,33.8,56.9,85.9
Nate Boerkircher,TE,71,25,1.12,12.8,14.3,-104.3,4686248,14.3,14.3,14.3,14.3,14.3
Payne Durham,TE,72,26,1.11,12.8,14.2,-104.4,4372505,4.6,7.9,13.7,21.0,30.8
Kalif Raymond,WR,111,32,2.84,12.4,35.0,-104.5,2973405,7.7,17.0,33.5,59.2,91.8
Laquon Treadwell,WR,141,31,1.02,10.2,10.4,-104.5,3051889,1.7,4.3,9.5,17.4,27.7
Oscar Delp,TE,74,23,1.09,12.8,13.9,-104.7,4702559,14.0,14.0,14.0,14.0,14.0
Brashard Smith,RB,64,23,3.66,11.4,41.6,-105.1,4596602,6.1,15.1,34.1,65.7,101.4
Bryce Lance,WR,114,24,2.66,12.4,32.9,-106.8,4879276,33.0,33.0,33.0,33.0,33.0
Blake Whiteheart,TE,75,26,0.93,12.8,11.9,-106.8,4362018,3.5,6.5,11.5,17.9,25.8
Seydou Traore,TE,76,24,0.93,12.8,11.9,-106.8,4714379,11.9,11.9,11.9,11.9,11.9
Malachi Corley,WR,144,24,0.78,10.2,8.0,-107.0,4613104,1.4,3.3,7.7,13.7,21.7
Drew Allar,QB,48,22,0.76,7.2,5.5,-107.5,4714771,5.5,5.5,5.5,5.5,5.5
Derius Davis,WR,146,26,0.61,10.2,6.3,-108.7,4362477,1.0,2.7,5.9,10.6,16.9
Emmett Johnson,RB,66,23,3.34,11.4,37.9,-108.8,4832955,38.1,38.1,38.1,38.1,38.1
Efton Chism III,WR,148,25,0.59,10.2,6.0,-108.9,4695193,1.0,2.4,5.5,10.2,16.3
Jahdae Walker,WR,151,24,0.5,10.2,5.1,-109.9,5160110,0.8,2.2,4.7,8.5,13.4
Darius Cooper,WR,153,25,0.49,10.2,5.0,-110.0,4715355,0.8,2.0,4.6,8.3,13.4
Dareke Young,WR,157,27,0.44,10.2,4.5,-110.5,4401805,0.7,1.8,4.3,7.5,12.0
Isaiah Davis,RB,67,24,3.15,11.4,35.8,-110.9,4695404,5.7,13.7,30.4,58.0,88.1
Max Klare,TE,78,23,0.56,12.8,7.2,-111.5,4833029,7.2,7.2,7.2,7.2,7.2
Emari Demercado,RB,83,27,1.49,9.8,14.6,-111.6,4362478,2.3,5.0,12.0,22.9,37.2
Brevyn Spann-Ford,TE,79,27,0.54,12.8,6.9,-111.7,4360967,2.1,3.9,6.8,10.2,15.2
Tanner Koziol,TE,81,23,0.53,12.8,6.7,-111.9,4917427,6.8,6.8,6.8,6.8,6.8
Ko Kieft,TE,82,28,0.52,12.8,6.7,-112.0,4034779,6.7,6.7,6.7,6.7,6.7
Marlin Klein,TE,83,24,0.51,12.8,6.5,-112.1,4695705,6.5,6.5,6.5,6.5,6.5
Sam Roush,TE,84,23,0.51,12.8,6.6,-112.1,4685504,6.5,6.5,6.5,6.5,6.5
Matthew Hibner,TE,85,24,0.51,12.8,6.5,-112.1,4432260,6.5,6.5,6.5,6.5,6.5
Drew Ogletree,TE,87,28,0.51,12.8,6.5,-112.1,4722908,1.9,3.6,6.2,9.8,14.7
Josh Cuevas,TE,88,23,0.51,12.8,6.5,-112.1,4876132,6.5,6.5,6.5,6.5,6.5
Luke Farrell,TE,89,29,0.51,12.8,6.5,-112.1,4040612,1.7,3.5,6.1,9.5,14.4
Charlie Woerner,TE,90,29,0.49,12.8,6.2,-112.4,4035020,1.9,3.5,6.3,9.6,14.2
Troy Franklin,WR,107,23,3.12,13.8,43.1,-112.5,4431280,14.0,27.2,41.9,56.0,69.0
Johnny Mundt,TE,92,32,0.48,12.8,6.1,-112.5,3052096,1.9,3.4,5.9,9.1,13.7
Carsen Ryan,TE,93,23,0.48,12.8,6.2,-112.5,4685540,6.1,6.1,6.1,6.1,6.1
Ian Thomas,TE,94,30,0.48,12.8,6.1,-112.5,4045305,1.9,3.4,5.9,9.2,13.5
Kaleb Johnson,RB,84,23,1.37,9.8,13.4,-112.8,4819231,2.0,4.8,10.8,21.3,34.7
Isaiah Bond,WR,116,22,2.16,12.4,26.7,-113.0,4808839,6.0,12.9,26.7,43.6,65.5
Zavion Thomas,WR,117,22,2.15,12.4,26.6,-113.1,4869748,26.7,26.7,26.7,26.7,26.7
Chimere Dike,WR,118,25,2.15,12.4,26.6,-113.1,4431268,5.9,13.0,25.3,44.2,64.8
Skyler Bell,WR,119,24,2.1,12.4,25.9,-113.7,4683153,26.0,26.0,26.0,26.0,26.0
Hollywood Brown,WR,120,29,2.09,12.4,25.8,-113.8,4241372,6.1,13.1,25.4,44.3,65.6
Olamide Zaccheaus,WR,121,29,1.97,12.4,24.3,-115.3,3917914,5.4,12.6,23.7,41.0,59.5
Kyle Juszczyk,RB,69,35,2.73,11.4,31.0,-115.7,16002,4.8,11.8,25.6,49.0,75.8
Chris Manhertz,TE,95,34,0.22,12.8,2.8,-115.8,2531358,0.8,1.6,2.8,4.1,6.5
Ameer Abdullah,RB,88,33,1.02,9.8,10.0,-116.2,2576336,1.6,3.6,8.0,15.8,24.4
Deshaun Watson,QB,35,31,6.45,12.6,81.6,-116.4,3122840,81.3,81.3,81.3,81.3,81.3
LeQuint Allen Jr.,RB,70,22,2.63,11.4,29.9,-116.9,4911851,4.9,11.9,25.4,46.7,73.2
DJ Giddens,RB,93,23,0.92,9.8,9.0,-117.2,4874509,1.4,3.3,7.4,15.0,22.8
Colbie Young,WR,124,24,1.82,12.4,22.5,-117.2,5092508,22.6,22.6,22.6,22.6,22.6
Jacob Saylors,RB,73,25,2.5,11.4,28.4,-118.3,4383429,4.3,10.4,23.6,44.6,67.5
Brenen Thompson,WR,126,23,1.72,12.4,21.2,-118.4,4685553,21.3,21.3,21.3,21.3,21.3
Isaiah Williams,WR,127,25,1.69,12.4,20.9,-118.8,4569371,4.8,10.0,20.6,36.5,53.8
Kimani Vidal,RB,75,25,2.25,11.2,25.1,-119.1,4430968,4.1,10.4,22.4,38.5,55.5
Jaylin Lane,WR,128,24,1.56,12.4,19.3,-120.4,4602667,4.7,9.9,18.7,31.6,47.6
Elijah Sarratt,WR,129,23,1.55,12.4,19.2,-120.5,5088338,19.2,19.2,19.2,19.2,19.2
Sean Tucker,RB,74,25,2.3,11.4,26.1,-120.6,4430871,4.1,9.9,22.9,41.8,62.0
Sione Vaki,RB,98,25,0.48,9.8,4.7,-121.5,4912274,0.7,1.7,4.0,7.5,12.4
Odell Beckham Jr.,WR,130,34,1.47,12.4,18.2,-121.5,16733,18.2,18.2,18.2,18.2,18.2
Seth McGowan,RB,76,25,2.21,11.4,25.1,-121.6,4686468,25.2,25.2,25.2,25.2,25.2
Elic Ayomanor,WR,131,23,1.45,12.4,17.9,-121.8,4883647,4.0,9.0,17.7,30.6,44.4
Ray Davis,RB,77,27,2.19,11.4,24.8,-121.9,4429501,3.8,9.5,21.3,39.3,60.2
Patrick Ricard,RB,102,32,0.41,9.8,4.0,-122.2,2975417,0.6,1.5,3.4,6.7,11.3
Ollie Gordon II,RB,78,22,2.1,11.4,23.9,-122.9,4711533,3.5,9.3,20.7,39.3,62.8
Jordan Whittington,WR,132,26,1.31,12.4,16.2,-123.5,4569382,3.8,8.0,15.6,26.9,40.9
Tez Johnson,WR,133,24,1.3,12.4,16.1,-123.6,4608810,3.5,8.0,15.7,26.5,40.5
Konata Mumpfield,WR,135,24,1.18,12.4,14.6,-125.1,4710855,3.3,7.3,14.0,24.8,36.7
Barion Brown,WR,136,23,1.16,12.4,14.3,-125.4,4698597,14.4,14.4,14.4,14.4,14.4
Jordan James,RB,79,22,1.86,11.4,21.1,-125.6,4685397,21.2,21.2,21.2,21.2,21.2
Demarcus Robinson,WR,137,32,1.14,12.4,14.1,-125.6,3043116,3.1,6.6,13.4,23.4,35.1
Jalen Royals,WR,140,23,1.09,12.4,13.4,-126.2,5082630,13.5,13.5,13.5,13.5,13.5
Joe Flacco,QB,37,41,0.89,8.6,7.6,-127.3,11252,1.1,2.6,6.0,12.3,16.0
Bo Melton,WR,142,27,0.96,12.4,11.9,-127.8,4259305,2.9,5.8,11.5,19.9,29.9
Will Shipley,RB,80,24,1.66,11.4,18.8,-127.9,4431545,3.1,7.3,16.4,30.7,46.4
Emanuel Wilson,RB,81,27,1.66,11.4,18.9,-127.9,4887558,3.1,7.3,15.6,30.7,46.2
Justin Fields,QB,41,27,0.81,8.6,6.9,-128.0,4362887,1.0,2.4,5.6,11.2,15.3
J.J. McCarthy,QB,42,23,0.79,8.6,6.8,-128.1,4433970,1.0,2.3,5.6,11.2,14.6
Marcus Mariota,QB,47,33,0.77,8.6,6.6,-128.3,2576980,1.0,2.3,5.4,10.6,14.4
Spencer Rattler,QB,53,26,0.73,8.6,6.3,-128.7,4426339,0.9,2.1,5.2,10.4,13.7
Mac Jones,QB,54,28,0.71,8.6,6.0,-128.8,4241464,0.8,2.0,4.7,9.3,12.9
Hunter Luepke,RB,82,26,1.53,11.4,17.4,-129.4,4383396,2.8,6.9,15.0,28.2,44.9
Tay Martin,WR,143,29,0.81,12.4,10.0,-129.7,4245144,10.0,10.0,10.0,10.0,10.0
Dohnte Meyers,WR,145,,0.62,12.4,7.6,-132.1,4384852,7.7,7.7,7.7,7.7,7.7
Tyrone Tracy Jr.,RB,72,27,2.55,12.8,32.6,-132.2,4360516,7.9,16.7,30.4,47.0,67.4
Xavier Smith,WR,147,29,0.6,12.4,7.4,-132.3,4386544,1.5,3.5,7.0,12.3,18.5
Nicholas Singleton,RB,85,22,1.24,11.4,14.1,-132.7,4685555,14.1,14.1,14.1,14.1,14.1
Jacob Cowing,WR,149,25,0.57,12.4,7.1,-132.7,4575665,7.1,7.1,7.1,7.1,7.1
Jonathan Mingo,WR,150,25,0.52,12.4,6.4,-133.3,4426485,6.4,6.4,6.4,6.4,6.4
Tai Felton,WR,152,23,0.5,12.4,6.2,-133.5,4565185,1.3,3.0,6.1,10.6,15.3
Tahj Brooks,RB,86,24,1.15,11.4,13.1,-133.7,4429299,2.0,5.0,10.8,20.6,33.8
Kendre Miller,RB,87,24,1.14,11.4,13.0,-133.8,4599739,13.0,13.0,13.0,13.0,13.0
Josh Cameron,WR,154,23,0.48,12.4,5.9,-133.8,4879194,6.0,6.0,6.0,6.0,6.0
Reggie Virgil,WR,155,22,0.45,12.4,5.5,-134.2,4869132,5.6,5.6,5.6,5.6,5.6
Brycen Tremayne,WR,156,27,0.45,12.4,5.5,-134.2,4360763,1.2,2.7,5.4,8.9,13.1
Demond Claiborne,RB,89,23,0.96,11.4,11.0,-135.9,4832846,10.9,10.9,10.9,10.9,10.9
Rasheen Ali,RB,90,25,0.96,11.4,11.0,-135.9,4690013,1.7,4.0,9.1,17.1,25.2
Kaytron Allen,RB,91,23,0.94,11.4,10.7,-136.1,4685246,10.7,10.7,10.7,10.7,10.7
Alec Ingold,RB,92,30,0.93,11.4,10.6,-136.2,3917668,1.5,3.9,9.3,17.2,26.7
Jameis Winston,QB,56,32,0.7,9.1,6.3,-136.4,2969939,1.4,2.2,5.2,9.8,11.9
Arian Smith,WR,158,25,0.23,12.4,2.8,-136.9,4429105,0.6,1.3,2.7,4.6,6.9
Ben Skowronek,WR,159,29,0.19,12.4,2.4,-137.4,4035656,0.5,1.1,2.2,3.7,5.7
Kameron Johnson,WR,160,24,0.13,12.4,1.6,-138.1,5097554,0.4,0.8,1.5,2.6,3.9
Kaden Wetjen,WR,161,24,0.12,12.4,1.5,-138.3,5081338,1.5,1.5,1.5,1.5,1.5
Adam Prentice,RB,94,29,0.57,11.4,6.5,-140.3,3929914,1.0,2.5,5.7,10.6,16.2
Connor Heyward,RB,95,27,0.56,11.4,6.4,-140.4,4241961,1.0,2.5,5.4,10.1,15.6
Michael Burton,RB,96,34,0.56,11.4,6.4,-140.4,2515270,6.4,6.4,6.4,6.4,6.4
Max Bredeson,RB,97,24,0.51,11.4,5.8,-141.0,4878695,5.8,5.8,5.8,5.8,5.8
Andrew Beck,RB,99,30,0.46,11.4,5.3,-141.6,3125107,0.8,2.1,4.6,8.2,13.2
Riley Nowakowski,RB,100,24,0.44,11.4,5.0,-141.8,4693370,5.0,5.0,5.0,5.0,5.0
Reggie Gilliam,RB,101,29,0.43,11.4,4.9,-141.9,4039505,0.8,1.9,4.1,7.9,11.8
British Brooks,RB,103,27,0.13,11.4,1.5,-145.3,4373273,0.2,0.6,1.3,2.4,3.6
Tyson Bagent,QB,39,26,0.82,12.6,10.4,-187.4,4434153,10.3,10.3,10.3,10.3,10.3
Jarrett Stidham,QB,40,30,0.82,12.6,10.4,-187.4,3892775,10.3,10.3,10.3,10.3,10.3
Tanner McKee,QB,44,26,0.79,12.6,10.0,-187.7,4685201,10.0,10.0,10.0,10.0,10.0
Quinn Ewers,QB,45,23,0.78,12.6,9.8,-187.9,4889929,9.8,9.8,9.8,9.8,9.8
Tommy DeVito,QB,46,28,0.77,12.6,9.8,-188.0,4240391,9.7,9.7,9.7,9.7,9.7
Kenny Pickett,QB,49,28,0.76,12.6,9.6,-188.1,4240703,9.6,9.6,9.6,9.6,9.6
Riley Leonard,QB,50,24,0.76,12.6,9.6,-188.1,4683423,9.6,9.6,9.6,9.6,9.6
Tyrod Taylor,QB,51,37,0.75,12.6,9.4,-188.2,14163,9.4,9.4,9.4,9.4,9.4
Sam Howell,QB,52,26,0.73,12.6,9.2,-188.5,4426875,9.2,9.2,9.2,9.2,9.2
Trey Lance,QB,55,26,0.71,12.6,9.0,-188.7,4383351,8.9,8.9,8.9,8.9,8.9
Joshua Dobbs,QB,57,31,0.69,12.6,8.7,-189.0,3044720,8.7,8.7,8.7,8.7,8.7
Tyler Huntley,QB,58,28,0.67,12.6,8.5,-189.3,4035671,8.4,8.4,8.4,8.4,8.4
Kyle Allen,QB,59,30,0.66,12.6,8.3,-189.4,3115293,8.3,8.3,8.3,8.3,8.3
Mitchell Trubisky,QB,60,32,0.66,12.6,8.3,-189.4,3039707,8.3,8.3,8.3,8.3,8.3
Davis Mills,QB,61,28,0.66,12.6,8.3,-189.4,4242546,8.3,8.3,8.3,8.3,8.3
Gardner Minshew II,QB,62,30,0.65,12.6,8.2,-189.5,4038524,8.2,8.2,8.2,8.2,8.2
Kyle McCord,QB,63,24,0.65,12.6,8.2,-189.5,4433971,8.2,8.2,8.2,8.2,8.2
Drew Lock,QB,64,30,0.64,12.6,8.1,-189.6,3924327,8.1,8.1,8.1,8.1,8.1
Cooper Rush,QB,66,33,0.13,12.6,1.6,-196.1,2972515,1.6,1.6,1.6,1.6,1.6
Ty Simpson,QB,43,24,0.79,13.3,10.5,-198.2,4685522,10.5,10.5,10.5,10.5,10.5
