nombre,pos,rank_pos,proj,baseline,vbd,espn_id,equipo
Josh Allen,QB,1,460.1,237.2,222.9,3918298,2
Puka Nacua,WR,1,386.4,194.8,191.6,4426515,14
Jahmyr Gibbs,RB,1,398.9,210.5,188.4,4429795,8
Bijan Robinson,RB,2,388.3,210.5,177.8,4430807,1
Drake Maye,QB,2,411.6,237.2,174.4,4431452,17
Lamar Jackson,QB,3,409.7,237.2,172.5,3916387,33
Joe Burrow,QB,4,407.5,237.2,170.3,3915511,4
Ja'Marr Chase,WR,2,364.6,194.8,169.8,4362628,4
Jayden Daniels,QB,5,402.8,237.2,165.6,4426348,28
Jalen Hurts,QB,6,402.1,237.2,164.9,4040715,21
Christian McCaffrey,RB,3,374.2,210.5,163.7,3117251,25
Matthew Stafford,QB,7,398.2,237.2,161.0,12483,14
Jaxon Smith-Njigba,WR,3,355.3,194.8,160.5,4430878,26
Amon-Ra St. Brown,WR,4,350.0,194.8,155.2,4374302,8
Bo Nix,QB,8,382.6,237.2,145.4,4426338,7
Dak Prescott,QB,9,381.2,237.2,144.0,2577417,6
Brock Purdy,QB,10,381.1,237.2,143.9,4361741,25
Jonathan Taylor,RB,4,352.8,210.5,142.3,4242335,11
Jaxson Dart,QB,11,376.2,237.2,139.0,4689114,19
Patrick Mahomes,QB,12,375.4,237.2,138.2,3139477,12
Trevor Lawrence,QB,13,367.1,237.2,129.9,4360310,30
Justin Herbert,QB,14,364.6,237.2,127.4,4038941,24
Jared Goff,QB,15,363.6,237.2,126.4,3046779,8
Caleb Williams,QB,16,362.4,237.2,125.2,4431611,3
Justin Jefferson,WR,5,318.5,194.8,123.7,4262921,16
CeeDee Lamb,WR,6,318.4,194.8,123.6,4241389,6
De'Von Achane,RB,5,322.9,210.5,112.4,4429160,15
Baker Mayfield,QB,17,346.0,237.2,108.8,3052587,27
Jordan Love,QB,18,341.6,237.2,104.4,4036378,9
Tyler Shough,QB,19,338.3,237.2,101.1,4360689,18
Daniel Jones,QB,20,336.9,237.2,99.7,3917792,11
James Cook III,RB,6,309.8,210.5,99.3,4379399,2
Ashton Jeanty,RB,7,308.4,210.5,97.9,4890973,13
Derrick Henry,RB,8,306.8,210.5,96.3,3043078,33
Drake London,WR,7,290.4,194.8,95.6,4426502,1
Omarion Hampton,RB,9,305.8,210.5,95.3,4685382,24
Rashee Rice,WR,8,289.9,194.8,95.1,4428331,12
Trey McBride,TE,1,258.5,164.4,94.1,4361307,22
Jeremiyah Love,RB,10,304.3,210.5,93.8,4870808,22
Saquon Barkley,RB,11,302.3,210.5,91.8,3929630,21
Brock Bowers,TE,2,255.9,164.4,91.5,4432665,13
Josh Jacobs,RB,12,300.8,210.5,90.3,4047365,9
Breece Hall,RB,13,300.2,210.5,89.7,4427366,20
Kenneth Walker III,RB,14,300.1,210.5,89.6,4567048,12
Chase Brown,RB,15,296.6,210.5,86.1,4362238,4
Kyler Murray,QB,21,321.6,237.2,84.4,3917315,16
Sam Darnold,QB,22,319.2,237.2,82.0,3912547,26
C.J. Stroud,QB,23,318.2,237.2,81.0,4432577,34
Nico Collins,WR,9,269.7,194.8,74.9,4258173,34
Javonte Williams,RB,16,284.8,210.5,74.3,4361579,6
A.J. Brown,WR,10,268.4,194.8,73.6,4047646,17
Garrett Wilson,WR,11,267.8,194.8,73.0,4569618,20
Malik Nabers,WR,12,265.3,194.8,70.5,4595348,19
Chris Olave,WR,13,263.8,194.8,69.0,4361370,18
Bryce Young,QB,24,304.4,237.2,67.2,4685720,29
Tetairoa McMillan,WR,14,260.1,194.8,65.3,4685472,29
Geno Smith,QB,25,301.3,237.2,64.1,15864,20
Zay Flowers,WR,15,258.3,194.8,63.5,4429615,33
George Pickens,WR,16,256.7,194.8,61.9,4426354,6
DeVonta Smith,WR,17,256.5,194.8,61.7,4241478,21
Tyler Warren,TE,3,221.9,164.4,57.5,4431459,11
Malik Willis,QB,26,293.3,237.2,56.1,4242512,15
Travis Etienne Jr.,RB,17,265.5,210.5,55.0,4239996,18
Colston Loveland,TE,4,218.9,164.4,54.5,4723086,3
Cam Skattebo,RB,18,264.9,210.5,54.4,4696981,19
Davante Adams,WR,18,247.4,194.8,52.6,16800,14
Emeka Egbuka,WR,19,247.1,194.8,52.3,4567750,27
Aaron Rodgers,QB,27,285.4,237.2,48.2,8439,23
Kyren Williams,RB,19,254.1,210.5,43.6,4430737,14
Cam Ward,QB,28,280.6,237.2,43.4,4688380,10
Quinshon Judkins,RB,20,252.0,210.5,41.5,4685702,5
Ladd McConkey,WR,20,235.4,194.8,40.6,4612826,24
Terry McLaurin,WR,21,235.1,194.8,40.3,3121422,28
Jeffery Simmons,DT,1,90.1,50.7,39.4,4035369,10
Brandon Aubrey,K,1,201.4,163.1,38.3,3953687,6
Tee Higgins,WR,22,232.6,194.8,37.8,4239993,4
Blake Cashman,LB,1,158.5,120.7,37.8,3728281,16
Sam LaPorta,TE,5,199.3,164.4,34.9,4430027,8
Jordyn Brooks,LB,2,155.6,120.7,34.9,4043130,15
Harold Fannin Jr.,TE,6,198.9,164.4,34.5,5083076,5
Jaylen Waddle,WR,23,228.4,194.8,33.6,4372016,7
Texans D/ST,DST,1,169.4,136.3,33.1,-16034,34
Rome Odunze,WR,24,227.5,194.8,32.7,4431299,3
Kyle Pitts Sr.,TE,7,196.8,164.4,32.4,4360248,1
Carnell Tate,WR,25,226.7,194.8,31.9,4871023,10
Steelers D/ST,DST,2,165.9,136.3,29.6,-16023,23
Jameson Williams,WR,26,223.8,194.8,29.0,4426388,8
DJ Moore,WR,27,223.8,194.8,29.0,3915416,2
Broncos D/ST,DST,3,164.9,136.3,28.6,-16007,7
Cameron Dicker,K,2,190.6,163.1,27.5,4362081,24
Maxx Crosby,DE,1,95.5,68.7,26.8,3916655,13
Nick Emmanwori,CB,1,116.4,90.2,26.2,4869523,26
Luther Burden III,WR,28,219.4,194.8,24.6,4685278,3
Ka'imi Fairbairn,K,3,187.6,163.1,24.5,2971573,34
George Kittle,TE,8,188.3,164.4,23.9,3040151,25
Fred Warner,LB,3,144.5,120.7,23.8,3138826,25
Alec Pierce,WR,29,218.4,194.8,23.6,4360078,11
Seahawks D/ST,DST,4,159.7,136.3,23.4,-16026,26
Ravens D/ST,DST,5,159.4,136.3,23.1,-16033,33
Travis Kelce,TE,9,186.9,164.4,22.5,15847,12
Courtland Sutton,WR,30,216.9,194.8,22.1,3128429,7
Dallas Goedert,TE,10,186.4,164.4,22.0,3121023,21
Kamari Lassiter,CB,2,112.2,90.2,22.0,4602699,34
Quentin Lake,CB,3,112.2,90.2,22.0,4249128,14
Rams D/ST,DST,6,158.2,136.3,21.9,-16014,14
Jason Myers,K,4,184.6,163.1,21.5,2473037,26
D'Andre Swift,RB,21,231.6,210.5,21.1,4259545,3
Jack Campbell,LB,4,141.3,120.7,20.6,4569465,8
Nick Bolton,LB,5,140.6,120.7,19.9,4362759,12
Jacoby Brissett,QB,29,257.0,237.2,19.8,2578570,22
Andrew Van Ginkel,DE,2,88.3,68.7,19.6,3133487,16
Harrison Mevis,K,5,182.4,163.1,19.3,4574716,14
DeForest Buckner,DT,2,69.8,50.7,19.1,2971282,11
Eddy Pineiro,K,6,181.9,163.1,18.8,4034949,25
Tykee Smith,S,1,118.0,99.3,18.7,4428522,27
Bucky Irving,RB,22,228.5,210.5,18.0,4596448,27
Brian Burns,DE,3,86.0,68.7,17.3,4035631,19
Tucker Kraft,TE,11,181.5,164.4,17.1,4572680,9
Lions D/ST,DST,7,152.7,136.3,16.4,-16008,8
Cedric Gray,LB,6,136.8,120.7,16.1,4429834,10
Kyle Hamilton,S,2,115.2,99.3,15.9,4575517,33
Foyesade Oluokun,LB,7,136.4,120.7,15.7,3050073,30
TreVeyon Henderson,RB,23,225.4,210.5,14.9,4432710,17
Michael Pittman Jr.,WR,31,209.3,194.8,14.5,4035687,23
Nick Bosa,DE,4,82.8,68.7,14.1,4040605,25
Devon Witherspoon,CB,4,104.3,90.2,14.1,4575431,26
Will Anderson Jr.,DE,5,82.7,68.7,14.0,4685724,34
DK Metcalf,WR,32,208.7,194.8,13.9,4047650,23
Derrick Brown,DT,3,64.6,50.7,13.9,4035495,29
Myles Garrett,DE,6,82.5,68.7,13.8,3122132,14
Bhayshul Tuten,RB,24,224.1,210.5,13.6,4882093,30
Paulson Adebo,CB,5,103.8,90.2,13.6,4242547,19
Dallas Turner,DE,7,82.0,68.7,13.3,4565190,16
Mark Andrews,TE,12,177.4,164.4,13.0,3116365,33
Tyson Campbell,CB,6,102.9,90.2,12.7,4379397,5
Marvin Harrison Jr.,WR,33,207.4,194.8,12.6,4432708,22
Carson Schwesinger,LB,8,133.2,120.7,12.5,4876017,5
DaRon Bland,CB,7,102.5,90.2,12.3,4248911,6
Quinnen Williams,DT,4,62.8,50.7,12.1,4040982,6
Trent McDuffie,CB,8,102.1,90.2,11.9,4426405,14
Christian Gonzalez,CB,9,101.9,90.2,11.7,4686772,17
Budda Baker,S,3,110.7,99.3,11.4,3127287,22
T.J. Watt,DE,8,79.5,68.7,10.8,3045282,23
Aidan Hutchinson,DE,9,79.3,68.7,10.6,4372099,8
Eagles D/ST,DST,8,146.8,136.3,10.5,-16021,21
Derwin James Jr.,S,4,109.7,99.3,10.4,3691739,24
Jeremy Chinn,S,5,109.6,99.3,10.3,4043169,13
Jake Ferguson,TE,13,174.6,164.4,10.2,4242355,6
Ernest Jones IV,LB,9,130.7,120.7,10.0,4362851,26
Talanoa Hufanga,S,6,109.2,99.3,9.9,4360853,7
Jamien Sherwood,LB,10,130.4,120.7,9.7,4361331,20
Cooper DeJean,CB,10,99.8,90.2,9.6,4682618,21
Kam Curl,S,7,108.7,99.3,9.4,4242154,14
Jalen Pitre,CB,11,99.2,90.2,9.0,4241223,34
Jalen Redmond,DT,5,59.6,50.7,8.9,4360277,16
Harrison Butker,K,7,171.7,163.1,8.6,3055899,12
Cameron Heyward,DT,6,59.2,50.7,8.5,13977,23
Patriots D/ST,DST,9,144.7,136.3,8.4,-16017,17
Danielle Hunter,DE,10,77.1,68.7,8.4,2976560,34
Alex Highsmith,DE,11,77.0,68.7,8.3,4037333,23
Cam Little,K,8,171.2,163.1,8.1,4686361,30
Browns D/ST,DST,10,144.4,136.3,8.1,-16005,5
Kenyon Sadiq,TE,14,172.0,164.4,7.6,5083315,20
Quay Walker,LB,11,128.1,120.7,7.4,4379416,13
Chiefs D/ST,DST,11,143.6,136.3,7.3,-16012,12
Bears D/ST,DST,12,143.6,136.3,7.3,-16003,3
Xavier McKinney,S,8,106.3,99.3,7.0,4241470,9
Alex Singleton,LB,12,127.4,120.7,6.7,2612151,7
Jordyn Tyson,WR,34,201.0,194.8,6.2,4880281,18
Chris Boswell,K,9,169.1,163.1,6.0,17372,23
Nate Landman,LB,13,126.5,120.7,5.8,4243181,14
Byron Young,DE,12,74.2,68.7,5.5,4875196,14
Jordan Battle,S,9,104.7,99.3,5.4,4567098,4
Nick Folk,K,10,168.1,163.1,5.0,10621,1
Chargers D/ST,DST,13,141.3,136.3,5.0,-16024,24
Zach Harrison,DT,7,55.7,50.7,5.0,4426412,1
Nakobe Dean,LB,14,125.5,120.7,4.8,4426340,13
Ed Oliver,DT,8,55.4,50.7,4.7,4039303,2
Cairo Santos,K,11,167.7,163.1,4.6,17427,3
Tommy Togiai,DT,9,55.3,50.7,4.6,4361366,34
Will Reichard,K,12,167.6,163.1,4.5,4567104,16
Chase McLaughlin,K,13,167.5,163.1,4.4,3150744,27
Nnamdi Madubuike,DT,10,55.0,50.7,4.3,4035245,33
Nick Cross,S,10,103.5,99.3,4.2,4426403,28
Leonard Williams,DT,11,54.9,50.7,4.2,2971622,26
Byron Murphy II,DT,12,54.8,50.7,4.1,4570040,26
Bengals D/ST,DST,14,140.1,136.3,3.8,-16004,4
DeShon Elliott,S,11,102.7,99.3,3.4,3929846,23
Tyler Loop,K,14,166.3,163.1,3.2,4697745,33
Tremaine Edmunds,LB,15,123.8,120.7,3.1,3929950,19
Chamarri Conner,S,12,102.4,99.3,3.1,4361964,12
Jake Bates,K,15,165.9,163.1,2.8,4689936,8
Joshua Metellus,S,13,102.1,99.3,2.8,4046537,16
Christian Watson,WR,35,197.5,194.8,2.7,4248528,9
Jonathan Greenard,DE,13,71.4,68.7,2.7,3916409,21
Jordan Davis,DT,13,53.4,50.7,2.7,4381558,21
Jets D/ST,DST,15,138.8,136.3,2.5,-16020,20
Jadarian Price,RB,25,212.8,210.5,2.3,4685512,26
Matthew Golden,WR,36,197.1,194.8,2.3,4701936,9
Tuli Tuipulotu,DE,14,71.0,68.7,2.3,4431442,24
Packers D/ST,DST,16,138.2,136.3,1.9,-16009,9
Jaquan Brisker,S,14,101.2,99.3,1.9,4570044,23
T.J. Hockenson,TE,15,166.2,164.4,1.8,4036133,16
Roquan Smith,LB,16,122.4,120.7,1.7,3915189,33
Keisean Nixon,CB,12,91.8,90.2,1.6,4259493,9
Alontae Taylor,CB,13,91.6,90.2,1.4,4369835,10
Malcolm Roach,DT,14,52.0,50.7,1.3,4039064,7
Adam Butler,DT,15,52.0,50.7,1.3,2972342,13
Chase Young,DE,15,69.8,68.7,1.1,4241986,18
A.J. Terrell Jr.,CB,14,91.3,90.2,1.1,4239995,1
D.J. Reed,CB,15,91.3,90.2,1.1,3139387,8
Trey Smack,K,16,164.1,163.1,1.0,4869461,9
Malik Mustapha,S,15,100.3,99.3,1.0,4696211,25
Jalen Thompson,S,16,100.3,99.3,1.0,4043089,6
Zyon McCollum,CB,16,91.2,90.2,1.0,4250392,27
Isaiah Likely,TE,16,165.2,164.4,0.8,4361050,19
Jalen Carter,DT,16,51.4,50.7,0.7,4685759,21
Mike Evans,WR,37,195.1,194.8,0.3,16737,25
DeMarcus Lawrence,DE,16,69.0,68.7,0.3,16802,26
David Montgomery,RB,26,210.5,210.5,0.0,4035538,34
Parker Washington,WR,38,194.8,194.8,0.0,4432620,30
Fernando Mendoza,QB,30,237.2,237.2,0.0,4837248,13
Dalton Kincaid,TE,17,164.4,164.4,0.0,4385690,2
Evan McPherson,K,17,163.1,163.1,0.0,4360234,4
Buccaneers D/ST,DST,17,136.3,136.3,0.0,-16027,27
Robert Spillane,LB,17,120.7,120.7,0.0,3129446,17
Jared Verse,DE,17,68.7,68.7,0.0,4578085,5
Antoine Winfield Jr.,S,17,99.3,99.3,0.0,4034790,27
Kool-Aid McKinstry,CB,17,90.2,90.2,0.0,4433975,18
A'Shawn Robinson,DT,17,50.7,50.7,0.0,3054857,27
Milton Williams,DT,18,50.6,50.7,-0.1,4239699,17
Tony Pollard,RB,27,210.3,210.5,-0.2,3916148,10
Dax Hill,CB,18,90.0,90.2,-0.2,4426422,4
Marlon Humphrey,CB,19,89.9,90.2,-0.3,3126356,33
Barrett Carter,LB,18,119.5,120.7,-1.2,4431519,4
Nick Scott,S,18,98.0,99.3,-1.3,3116179,29
Colts D/ST,DST,18,134.8,136.3,-1.5,-16011,11
Nik Bonitto,DE,18,67.2,68.7,-1.5,4360259,7
T.J. Edwards,LB,19,119.1,120.7,-1.6,3121544,3
Cole Bishop,S,19,97.7,99.3,-1.6,4676004,2
Zach Sieler,DT,19,49.1,50.7,-1.6,3057956,15
Montez Sweat,DE,19,67.0,68.7,-1.7,3134690,3
B.J. Hill,DT,20,48.9,50.7,-1.8,3116748,4
Minkah Fitzpatrick,S,20,97.4,99.3,-1.9,3925345,20
Alohi Gilman,S,21,97.4,99.3,-1.9,4039413,12
Ronnie Hickman,S,22,97.2,99.3,-2.1,4569620,5
Nathan Shepherd,DT,21,48.5,50.7,-2.2,4076951,18
Trey Hendrickson,DE,20,66.4,68.7,-2.3,3052743,33
Josh Hines-Allen,DE,21,66.3,68.7,-2.4,3915239,30
Jakobi Meyers,WR,39,192.3,194.8,-2.5,3916433,30
Grady Jarrett,DT,22,48.2,50.7,-2.5,2576492,3
Nate Wiggins,CB,20,87.5,90.2,-2.7,4601278,33
Tyrel Dodson,LB,20,117.6,120.7,-3.1,4035232,15
Greg Rousseau,DE,22,65.6,68.7,-3.1,4362506,2
Mason Graham,DT,23,47.6,50.7,-3.1,4873232,5
Devonte Wyatt,DT,24,47.6,50.7,-3.1,4361791,9
Demario Davis,LB,21,117.5,120.7,-3.2,14958,20
Carlton Davis III,CB,21,87.0,90.2,-3.2,3916923,17
Charlie Smyth,K,18,159.8,163.1,-3.3,5208518,18
Vikings D/ST,DST,19,132.8,136.3,-3.5,-16016,16
49ers D/ST,DST,20,132.7,136.3,-3.6,-16025,25
Kobie Turner,DT,25,46.9,50.7,-3.8,4250621,14
Zack Baun,LB,22,116.8,120.7,-3.9,3917657,21
Tre'von Moehrig,S,23,95.4,99.3,-3.9,4362487,29
Rhamondre Stevenson,RB,28,206.5,210.5,-4.0,4569173,17
Daron Payne,DT,26,46.7,50.7,-4.0,3925354,28
Travis Jones,DT,27,46.7,50.7,-4.0,4362139,33
Jaguars D/ST,DST,21,132.2,136.3,-4.1,-16030,30
Chris Jones,DT,28,46.6,50.7,-4.1,3044859,12
Jaylen Warren,RB,29,206.3,210.5,-4.2,4569987,23
Travon Walker,DE,23,64.5,68.7,-4.2,4426349,30
T'Vondre Sweat,DT,29,46.4,50.7,-4.3,4428617,20
Carl Granderson,DE,24,64.3,68.7,-4.4,3918310,18
Jalen Ramsey,CB,22,85.7,90.2,-4.5,3045373,23
Jonah Laulu,DT,30,46.2,50.7,-4.5,4373956,13
Dominic Zvada,K,19,158.4,163.1,-4.7,5082424,19
Devin Bush,LB,23,116.0,120.7,-4.7,4036261,3
Xavier Watts,S,24,94.5,99.3,-4.8,4431005,1
Zach Allen,DT,31,45.9,50.7,-4.8,3915282,7
Khalil Mack,DE,25,63.5,68.7,-5.2,16710,24
Mike Sainristil,CB,23,84.9,90.2,-5.3,4428414,28
Javon Hargrave,DT,32,45.4,50.7,-5.3,2983055,9
Jessie Bates III,S,25,93.8,99.3,-5.5,3919512,1
Amani Hooker,S,26,93.7,99.3,-5.6,4036134,10
Aaron Jones Sr.,RB,30,204.8,210.5,-5.7,3042519,16
Rico Dowdle,RB,31,204.7,210.5,-5.8,4038815,23
Odafe Oweh,DE,26,62.7,68.7,-6.0,4361422,28
Michael Wilson,WR,40,188.7,194.8,-6.1,4360761,22
Jonathan Allen,DT,33,44.6,50.7,-6.1,3054840,4
Azeez Al-Shaair,LB,24,114.5,120.7,-6.2,3919117,34
Mike Jackson,CB,24,84.0,90.2,-6.2,3917853,29
Teair Tart,DT,34,44.5,50.7,-6.2,4374269,24
Yaya Diaby,DE,27,62.4,68.7,-6.3,4686334,27
Walter Nolen III,DT,35,44.4,50.7,-6.3,4685503,22
Keeanu Benton,DT,36,44.4,50.7,-6.3,4426694,23
Osa Odighizuwa,DT,37,44.3,50.7,-6.4,4035840,25
Harrison Phillips,DT,38,44.3,50.7,-6.4,3117255,20
Saints D/ST,DST,22,129.6,136.3,-6.7,-16018,18
Brandon Stephens,CB,25,83.5,90.2,-6.7,4035824,20
Mack Wilson Sr.,LB,25,113.9,120.7,-6.8,4040983,22
David Bailey,DE,28,61.9,68.7,-6.8,4685248,20
Evan Williams,S,27,92.4,99.3,-6.9,4428863,9
Hunter Henry,TE,18,157.4,164.4,-7.0,3046439,17
DeMarvion Overshown,LB,26,113.6,120.7,-7.1,4362088,6
Brian Thomas Jr.,WR,41,187.5,194.8,-7.3,4432773,30
Brandon Jones,S,28,92.0,99.3,-7.3,4039059,7
Daiyan Henley,LB,27,113.3,120.7,-7.4,4241597,24
Harold Landry III,DE,29,61.1,68.7,-7.6,3122793,17
David Onyemata,DT,39,43.1,50.7,-7.6,4002046,20
D.J. Jones,DT,40,43.1,50.7,-7.6,3894915,7
George Karlaftis,DE,30,61.0,68.7,-7.7,4426659,12
Laiatu Latu,DE,31,60.9,68.7,-7.8,4426473,11
Gervon Dexter Sr.,DT,41,42.8,50.7,-7.9,4429014,3
Wil Lutz,K,20,155.0,163.1,-8.1,2985659,7
Commanders D/ST,DST,23,128.1,136.3,-8.2,-16028,28
Sonny Styles,LB,28,112.5,120.7,-8.2,5081807,28
Derrick Harmon,DT,42,42.4,50.7,-8.3,4682980,23
Renardo Green,CB,26,81.8,90.2,-8.4,4427325,25
DaVon Hamilton,DT,43,42.2,50.7,-8.5,3915520,30
Bradley Chubb,DE,32,60.1,68.7,-8.6,3116733,2
Maliek Collins,DT,44,42.0,50.7,-8.7,3040471,5
Sauce Gardner,CB,27,81.2,90.2,-9.0,4427250,11
Caleb Downs,S,29,90.2,99.3,-9.1,4870706,6
Justin Reid,S,30,90.2,99.3,-9.1,3931399,18
Vita Vea,DT,45,41.6,50.7,-9.1,3134362,27
Thomas Booker IV,DT,46,41.5,50.7,-9.2,4360749,13
Tyler Bass,K,21,153.7,163.1,-9.4,3917232,2
Dadrion Taylor-Demerson,S,31,89.9,99.3,-9.4,4428633,22
Caleb Banks,DT,47,41.3,50.7,-9.4,4602019,16
Edgerrin Cooper,LB,29,111.2,120.7,-9.5,4430438,9
Bryan Cook,S,32,89.8,99.3,-9.5,4247726,4
Wan'Dale Robinson,WR,42,185.2,194.8,-9.6,4569587,10
Titans D/ST,DST,24,126.6,136.3,-9.7,-16010,10
Donovan Ezeiruaku,DE,33,59.0,68.7,-9.7,4683848,6
Abdul Carter,DE,34,58.9,68.7,-9.8,4725996,19
Julian Love,S,33,89.5,99.3,-9.8,4046675,26
Marcus Jones,CB,28,80.4,90.2,-9.8,4241720,17
Arik Armstead,DT,48,40.9,50.7,-9.8,2971275,30
Travis Hunter,WR,43,184.8,194.8,-10.0,4685415,30
Jake Elliott,K,22,153.1,163.1,-10.0,3050478,21
Chop Robinson,DE,35,58.7,68.7,-10.0,4431586,15
Boye Mafe,DE,36,58.7,68.7,-10.0,4240754,4
Craig Woodson,S,34,89.3,99.3,-10.0,4428930,17
Rasul Douglas,CB,29,80.2,90.2,-10.0,3943270,28
Levi Drake Rodriguez,DT,49,40.6,50.7,-10.1,5093973,16
Davon Godchaux,DT,50,40.6,50.7,-10.1,3115383,18
Austin Booker,DE,37,58.5,68.7,-10.2,4683553,3
Jamel Dean,CB,30,80.0,90.2,-10.2,3873935,23
Kyler Gordon,CB,31,79.9,90.2,-10.3,4361093,3
Taron Johnson,CB,32,79.8,90.2,-10.4,3121003,13
Charles Omenihu,DT,51,40.3,50.7,-10.4,3929865,28
Mansoor Delane,CB,33,79.6,90.2,-10.6,4880124,12
Josh Downs,WR,44,184.1,194.8,-10.7,4688813,11
Makai Lemon,WR,45,183.9,194.8,-10.9,4870795,21
Grover Stewart,DT,52,39.7,50.7,-11.0,4058825,11
Roy Lopez,DT,53,39.6,50.7,-11.1,4040805,22
Tyrique Stevenson,CB,34,78.8,90.2,-11.4,4426374,3
Giants D/ST,DST,25,124.8,136.3,-11.5,-16019,19
Alim McNeill,DT,54,39.2,50.7,-11.5,4361662,8
Xavier Worthy,WR,46,183.2,194.8,-11.6,4683062,12
Jaelan Phillips,DE,38,57.1,68.7,-11.6,4242975,29
Jaylen Watson,CB,35,78.4,90.2,-11.8,4697639,14
Tershawn Wharton,DT,55,38.9,50.7,-11.8,4058925,29
Benjamin Morrison,CB,36,78.3,90.2,-11.9,4816107,27
Chuba Hubbard,RB,32,198.5,210.5,-12.0,4241416,29
Jason Sanders,K,23,151.1,163.1,-12.0,3124679,20
Lukas Van Ness,DE,39,56.7,68.7,-12.0,4686906,9
Quinyon Mitchell,CB,37,78.2,90.2,-12.0,4686273,21
Poona Ford,DT,56,38.7,50.7,-12.0,3125114,14
Bobby Brown III,DT,57,38.7,50.7,-12.0,4372518,29
Joey Porter Jr.,CB,38,78.1,90.2,-12.1,4426506,23
Byron Murphy Jr.,CB,39,78.1,90.2,-12.1,4038999,16
Jamaree Caldwell,DT,58,38.6,50.7,-12.1,5089178,24
Kevin Byard,S,35,87.1,99.3,-12.2,2574056,17
Blake Grupe,K,24,150.8,163.1,-12.3,4259619,11
Deone Walker,DT,59,38.3,50.7,-12.4,4831989,2
Jonathon Cooper,DE,40,56.2,68.7,-12.5,4040608,7
Will Johnson,CB,40,77.7,90.2,-12.5,4685408,22
Kenny Clark,DT,60,38.0,50.7,-12.7,3122752,6
Zane Gonzalez,K,25,150.3,163.1,-12.8,3043234,15
Alex Wright,DE,41,55.9,68.7,-12.8,4570119,5
Grant Delpit,S,36,86.5,99.3,-12.8,4242208,5
Ji'Ayir Brown,S,37,86.5,99.3,-12.8,4693644,25
Dru Phillips,CB,41,77.4,90.2,-12.8,4431321,19
Calijah Kancey,DT,61,37.9,50.7,-12.8,4427673,27
Cowboys D/ST,DST,26,123.4,136.3,-12.9,-16006,6
Myles Murphy,DE,42,55.7,68.7,-13.0,4428985,4
Deebo Samuel Sr.,WR,47,181.6,194.8,-13.2,3126486,25
Patrick Queen,LB,30,107.5,120.7,-13.2,4242207,23
Eric Murray,S,38,86.1,99.3,-13.2,2970716,30
Christen Miller,DT,62,37.4,50.7,-13.3,4685479,18
Micah Parsons,DE,43,55.3,68.7,-13.4,4361423,9
Jordan Addison,WR,48,181.1,194.8,-13.7,4429205,16
James Pearce Jr.,DE,44,54.9,68.7,-13.8,5081394,1
Tarheeb Still,CB,42,76.4,90.2,-13.8,4432571,24
Moro Ojomo,DT,63,36.9,50.7,-13.8,4362116,21
Khalil Shakir,WR,49,180.9,194.8,-13.9,4373678,2
Juwan Johnson,TE,19,150.5,164.4,-13.9,3929645,18
Kaden Elliss,LB,31,106.7,120.7,-14.0,3124890,18
Cam Bynum,S,39,85.3,99.3,-14.0,4035861,11
Jermaine Johnson II,DE,45,54.6,68.7,-14.1,4567962,10
Dexter Lawrence II,DT,64,36.6,50.7,-14.1,4035483,4
LaCale London,DT,65,36.6,50.7,-14.1,4376288,1
Brandon Dorlus,DT,66,36.3,50.7,-14.4,4427090,1
Justin Eboigbe,DT,67,36.3,50.7,-14.4,4567138,24
Josh Jobe,CB,43,75.7,90.2,-14.5,4372020,26
C.J. West,DT,68,36.2,50.7,-14.5,4686308,25
Arvell Reese,LB,32,106.1,120.7,-14.6,4950400,19
Jayden Reed,WR,50,180.1,194.8,-14.7,4362249,9
Divine Deablo,LB,33,106.0,120.7,-14.7,4037626,1
Pat Surtain II,CB,44,75.5,90.2,-14.7,4372012,7
Dante Trader Jr.,S,40,84.5,99.3,-14.8,4431664,15
Christian Barmore,DT,69,35.7,50.7,-15.0,4372030,17
Brenton Strange,TE,20,149.3,164.4,-15.1,4430539,30
Maxwell Hairston,CB,45,75.1,90.2,-15.1,4688931,2
Falcons D/ST,DST,27,121.0,136.3,-15.3,-16001,1
Dorance Armstrong,DE,46,53.4,68.7,-15.3,3928979,28
Calais Campbell,DT,70,35.4,50.7,-15.3,11284,33
Quincy Williams,LB,34,105.3,120.7,-15.4,3110565,5
Rueben Bain Jr.,DE,47,52.8,68.7,-15.9,4870617,27
Javon Bullard,CB,46,74.3,90.2,-15.9,4688930,9
Bills D/ST,DST,28,120.3,136.3,-16.0,-16002,2
Ty Okada,S,41,83.2,99.3,-16.1,4247808,26
Braden Fiske,DT,71,34.6,50.7,-16.1,4362245,14
DJ Turner II,CB,47,73.8,90.2,-16.4,4572036,4
Mike Hughes,CB,48,73.8,90.2,-16.4,3895841,1
Zaire Franklin,LB,35,104.0,120.7,-16.7,3124005,9
Demetrius Knight Jr.,LB,36,104.0,120.7,-16.7,4427729,4
Jihaad Campbell,LB,37,103.6,120.7,-17.1,4685287,21
Sheldon Rankins,DT,72,33.6,50.7,-17.1,2970204,34
Javon Kinlaw,DT,73,33.6,50.7,-17.1,4259491,28
DJ Wonnum,DE,48,51.5,68.7,-17.2,4038849,8
Eyioma Uwazurike,DT,74,33.5,50.7,-17.2,4066109,7
Terrel Bernard,LB,38,103.4,120.7,-17.3,4259166,2
Jacob Parrish,CB,49,72.9,90.2,-17.3,4912847,27
Upton Stout,CB,50,72.8,90.2,-17.4,4565200,25
Tyler Davis,DT,75,33.3,50.7,-17.4,4568217,14
Nolan Smith Jr.,DE,49,51.1,68.7,-17.6,4426331,21
Montaric Brown,CB,51,72.5,90.2,-17.7,4242149,30
Darius Robinson,DT,76,32.9,50.7,-17.8,4569480,22
Kayvon Thibodeaux,DE,50,50.8,68.7,-17.9,4426326,19
Dillon Thieneman,S,42,81.4,99.3,-17.9,4954445,3
Jarran Reed,DT,77,32.7,50.7,-18.0,3115312,26
Shelby Harris,DT,78,32.6,50.7,-18.1,16837,19
Karl Brooks,DT,79,32.5,50.7,-18.2,4373423,9
Kyle Monangai,RB,33,192.2,210.5,-18.3,4608686,3
Cam Hart,CB,52,71.8,90.2,-18.4,4427404,24
Kevin Winston Jr.,S,43,80.8,99.3,-18.5,4685617,10
Panthers D/ST,DST,29,117.6,136.3,-18.7,-16029,29
Andy Borregales,K,26,144.3,163.1,-18.8,4569923,17
Jourdan Lewis,CB,53,71.4,90.2,-18.8,3045207,30
Cardinals D/ST,DST,30,117.4,136.3,-18.9,-16022,22
Raiders D/ST,DST,31,117.2,136.3,-19.1,-16013,13
Will McDonald IV,DE,51,49.6,68.7,-19.1,4361767,20
Jevon Holland,S,44,80.1,99.3,-19.2,4373809,19
Charvarius Ward,CB,54,71.0,90.2,-19.2,4037361,11
Matt Gay,K,27,143.8,163.1,-19.3,4249087,13
Ryan Fitzgerald,K,28,143.7,163.1,-19.4,4568263,29
Jalyx Hunt,DE,52,49.3,68.7,-19.4,4571162,21
Isaiah Rodgers,CB,55,70.8,90.2,-19.4,4044540,16
Kenny Gainwell,RB,34,191.0,210.5,-19.5,4371733,27
Riley Moss,CB,56,70.7,90.2,-19.5,4382401,7
Marcus Harris,CB,57,70.7,90.2,-19.5,4570469,10
Quentin Johnston,WR,51,175.1,194.8,-19.7,4429025,24
Jake Moody,K,29,143.4,163.1,-19.7,4372066,28
Josh Sweat,DE,53,49.0,68.7,-19.7,3693166,22
Patrick Jones II,DE,54,49.0,68.7,-19.7,4036063,29
Jaylon Johnson,CB,58,70.3,90.2,-19.9,4243253,3
Darius Alexander,DT,80,30.8,50.7,-19.9,4426542,19
Chris Johnson,CB,59,70.2,90.2,-20.0,4869579,15
Alfred Collins,DT,81,30.7,50.7,-20.0,4430835,25
Andre Szmyt,K,30,142.7,163.1,-20.4,4258620,5
Kenneth Grant,DT,82,30.3,50.7,-20.4,4894654,15
Peter Woods,DT,83,30.2,50.7,-20.5,4871063,12
Alex Anzalone,LB,39,100.0,120.7,-20.7,3043107,27
Kamren Kinchens,S,45,78.6,99.3,-20.7,4596363,14
Khyiris Tonga,DT,84,30.0,50.7,-20.7,4256074,12
J.K. Dobbins,RB,35,189.7,210.5,-20.8,4241985,7
Rashan Gary,DE,55,47.9,68.7,-20.8,4046523,6
Dayo Odeyingbo,DE,56,47.9,68.7,-20.8,4242659,3
Reed Blankenship,S,46,78.5,99.3,-20.8,4243956,34
Pat Freiermuth,TE,21,143.5,164.4,-20.9,4361411,23
Drue Tranquill,LB,40,99.6,120.7,-21.1,3129310,12
Deommodore Lenoir,CB,60,69.1,90.2,-21.1,4242488,25
Cor'Dale Flott,CB,61,69.0,90.2,-21.2,4429607,10
T.J. Sanders,DT,85,29.5,50.7,-21.2,4684527,2
Stefon Diggs,WR,52,173.5,194.8,-21.3,2976212,28
Terrance Ferguson,TE,22,143.1,164.4,-21.3,4570037,14
Dre'Mont Jones,DE,57,47.3,68.7,-21.4,3915525,17
Joey Slye,K,31,141.6,163.1,-21.5,3124084,10
Calen Bullock,S,47,77.6,99.3,-21.7,4431517,34
Dalvin Tomlinson,DT,86,29.0,50.7,-21.7,2979860,24
Jonathan Bullard,DT,87,29.0,50.7,-21.7,2980097,6
James Pierre,CB,62,68.4,90.2,-21.8,4259252,16
Jadeveon Clowney,DE,58,46.8,68.7,-21.9,16734,34
KC Concepcion,WR,53,172.5,194.8,-22.3,4870653,5
Devin Lloyd,LB,41,98.4,120.7,-22.3,4243256,29
Uchenna Nwosu,DE,59,46.4,68.7,-22.3,3120358,26
Brian Branch,S,48,77.0,99.3,-22.3,4692025,8
Malaki Starks,S,49,76.7,99.3,-22.6,4685530,33
Julian Blackmon,S,50,76.7,99.3,-22.6,4035661,18
DJ Reader,DT,88,27.5,50.7,-23.2,2977670,19
Derek Stingley Jr.,CB,63,66.9,90.2,-23.3,4426434,34
Rock Ya-Sin,CB,64,66.9,90.2,-23.3,3910229,8
Malachi Lawrence,DE,60,45.3,68.7,-23.4,4710067,6
Ja'Quan McMillian,CB,65,66.8,90.2,-23.4,4567462,7
Dee Alford,CB,66,66.7,90.2,-23.5,4401823,2
Andrew Mukuba,S,51,75.7,99.3,-23.6,4602197,21
Jonas Sanker,S,52,75.7,99.3,-23.6,4683813,18
Akeem Davis-Gaither,LB,42,97.0,120.7,-23.7,3917142,11
Tyleik Williams,DT,89,27.0,50.7,-23.7,4431615,8
Kerby Joseph,S,53,75.5,99.3,-23.8,4360383,8
Adetomiwa Adebawore,DT,90,26.9,50.7,-23.8,4427635,11
Mike Green,DE,61,44.8,68.7,-23.9,4683188,33
Cory Durden,DT,91,26.8,50.7,-23.9,4240042,17
Logan Hall,DT,92,26.8,50.7,-23.9,4360189,34
Dre Greenlaw,LB,43,96.5,120.7,-24.2,3916903,25
Ruke Orhorhoro,DT,93,26.5,50.7,-24.2,4430271,30
Christian Benford,CB,67,65.9,90.2,-24.3,4379778,2
Warren Brinson,DT,94,26.4,50.7,-24.3,4429136,9
Dalton Schultz,TE,23,140.0,164.4,-24.4,3117256,34
Derick Hall,DE,62,44.3,68.7,-24.4,4567226,26
Solomon Thomas,DT,95,26.3,50.7,-24.4,3117258,10
Nahshon Wright,CB,68,65.7,90.2,-24.5,4570470,20
Antonio Johnson,S,54,74.7,99.3,-24.6,4429168,30
Chad Ryland,K,32,138.4,163.1,-24.7,4363538,22
Romeo Doubs,WR,54,169.7,194.8,-25.1,4361432,17
Mykel Williams,DE,63,43.6,68.7,-25.1,4685623,25
Kayden McDonald,DT,96,25.6,50.7,-25.1,4870893,34
Rachaad White,RB,36,185.3,210.5,-25.2,4697815,28
Jordan Elliott,DT,97,25.4,50.7,-25.3,4039052,10
Dante Stills,DT,98,25.2,50.7,-25.5,4362225,22
Da'Shawn Hand,DT,99,25.1,50.7,-25.6,3126352,1
Akheem Mesidor,DE,64,42.9,68.7,-25.8,4429190,24
John Franklin-Myers,DE,65,42.9,68.7,-25.8,3120464,10
Treydan Stukes,S,55,73.5,99.3,-25.8,4697757,13
Sebastian Joseph-Day,DT,100,24.9,50.7,-25.8,3047495,23
Otito Ogbonnia,DT,101,24.9,50.7,-25.8,4367210,6
Jordan Phillips,DT,102,24.8,50.7,-25.9,4837188,15
John Jenkins,DT,103,24.6,50.7,-26.1,15846,33
Dolphins D/ST,DST,32,109.9,136.3,-26.4,-16015,15
Lee Hunter,DT,104,24.3,50.7,-26.4,4431551,29
Ashton Gillotte,DE,66,41.8,68.7,-26.9,4684432,12
Joseph Ossai,DE,67,41.7,68.7,-27.0,4362094,20
Eric Stokes,CB,69,63.1,90.2,-27.1,4259561,13
Arden Key,DE,68,41.5,68.7,-27.2,3843843,11
DeWayne Carter,DT,105,23.2,50.7,-27.5,4426883,2
Henry To'oTo'o,LB,44,93.1,120.7,-27.6,4426350,34
Denzel Ward,CB,70,62.6,90.2,-27.6,3915535,5
Chris Godwin Jr.,WR,55,167.1,194.8,-27.7,3116165,27
Gracen Halton,DT,106,23.0,50.7,-27.7,4685369,25
Andre Cisco,S,56,71.5,99.3,-27.8,4361939,20
Maason Smith,DT,107,22.8,50.7,-27.9,4431567,1
Dennis Gardeck,DE,69,40.7,68.7,-28.0,4334300,30
Samson Ebukam,DE,70,40.6,68.7,-28.1,3045527,1
K'Lavon Chaisson,DE,71,40.3,68.7,-28.4,4242205,28
C.J. Gardner-Johnson,S,57,70.5,99.3,-28.8,4034953,2
Riq Woolen,CB,71,61.4,90.2,-28.8,4245185,21
John Ridgeway III,DT,108,21.9,50.7,-28.8,4248047,18
Jowon Briggs,DT,109,21.8,50.7,-28.9,4426676,20
Domonique Orange,DT,110,21.5,50.7,-29.2,4698728,16
Nick Herbig,DE,72,39.3,68.7,-29.4,4429164,23
Brenton Cox Jr.,DE,73,39.3,68.7,-29.4,4361776,9
Eric Wilson,LB,45,91.2,120.7,-29.5,3056916,16
Jaycee Horn,CB,72,60.7,90.2,-29.5,4362847,29
Cobie Durant,CB,73,60.6,90.2,-29.6,4384549,6
Chau Smith-Wade,CB,74,60.6,90.2,-29.6,4697636,29
R Mason Thomas,DE,74,38.9,68.7,-29.8,5081927,12
JuJu Brents,CB,75,60.4,90.2,-29.8,4360488,15
Leki Fotu,DT,111,20.7,50.7,-30.0,4035666,19
Neville Gallimore,DT,112,20.1,50.7,-30.6,3892883,3
Mekhi Wingo,DT,113,20.0,50.7,-30.7,4586333,8
Kwity Paye,DE,75,37.7,68.7,-31.0,4258194,13
Martin Emerson Jr.,CB,76,59.2,90.2,-31.0,4429568,18
Frankie Luvu,LB,46,89.6,120.7,-31.1,3127273,28
Baron Browning,DE,76,37.6,68.7,-31.1,4241987,22
Will Harris,S,58,68.1,99.3,-31.2,3915297,28
Vernon Broughton,DT,114,19.5,50.7,-31.2,4429040,18
Trevin Wallace,LB,47,89.4,120.7,-31.3,4683815,29
Keldric Faulk,DE,77,37.4,68.7,-31.3,4870707,10
Roger McCreary,CB,77,58.7,90.2,-31.5,4371973,8
Jason Marshall Jr.,CB,78,58.4,90.2,-31.8,4432730,15
Felix Anudike-Uzomah,DE,78,36.8,68.7,-31.9,4612387,12
L'Jarius Sneed,CB,79,58.3,90.2,-31.9,4040432,12
Gunnar Helm,TE,24,132.3,164.4,-32.1,4686728,10
Isaiah McGuire,DE,79,36.5,68.7,-32.2,4427963,5
Colby Wooden,DT,115,18.5,50.7,-32.2,4567224,11
Zaven Collins,DE,80,36.4,68.7,-32.3,4244606,22
RJ Harvey,RB,37,177.9,210.5,-32.6,4568490,7
Eric Gregory,DT,116,18.1,50.7,-32.6,4567171,17
Zeek Biggers,DT,117,17.9,50.7,-32.8,4683276,15
Billy Bowman Jr.,CB,80,57.3,90.2,-32.9,4431194,1
Christian Harris,LB,48,87.7,120.7,-33.0,4567099,1
A.J. Haulcy,S,59,66.2,99.3,-33.1,4905664,11
Josh Uche,DE,81,35.5,68.7,-33.2,4046528,15
Landon Jackson,DT,118,17.5,50.7,-33.2,4432715,2
Chidobe Awuzie,CB,81,56.8,90.2,-33.4,3052101,33
Elijah Ponder,DE,82,35.2,68.7,-33.5,4688432,17
Clelin Ferrell,DE,83,35.2,68.7,-33.5,3728258,15
Jonathon Brooks,RB,38,176.9,210.5,-33.6,4678008,29
Kalia Davis,DT,119,17.1,50.7,-33.6,4243541,5
Cam Jackson,DT,120,17.1,50.7,-33.6,4687513,29
Zion Young,DE,84,34.4,68.7,-34.3,4839501,33
Cody Barton,LB,49,85.9,120.7,-34.8,3926229,10
Trevis Gipson,DE,85,33.9,68.7,-34.8,3917016,29
Byron Young,DT,121,15.7,50.7,-35.0,4567123,21
Tim Settle,DT,122,15.3,50.7,-35.4,3929956,28
Cameron Jordan,DE,86,33.1,68.7,-35.6,13971,18
Matthew Butler,DT,123,15.0,50.7,-35.7,4242457,15
Skyler Gill-Howard,DT,124,14.7,50.7,-36.0,5103940,8
Chig Okonkwo,TE,25,128.3,164.4,-36.1,4360635,28
Shemar Turner,DT,125,14.6,50.7,-36.1,4432804,3
Elijah Roberts,DT,126,14.5,50.7,-36.2,4690795,27
Isaiahh Loudermilk,DT,127,14.5,50.7,-36.2,4035798,16
Sam Okuayinonu,DE,87,32.4,68.7,-36.3,4569497,25
Omarr Norman-Lott,DT,128,14.4,50.7,-36.3,4591008,12
Albert Regis,DT,129,14.4,50.7,-36.3,4612298,30
Shemar Stewart,DE,88,32.3,68.7,-36.4,4685562,4
Mike Hall Jr.,DT,130,14.3,50.7,-36.4,4600415,5
Kader Kohou,CB,82,53.7,90.2,-36.5,4291489,12
Tyler Onyedim,DT,131,14.1,50.7,-36.6,4683535,7
CJ Allen,LB,50,84.0,120.7,-36.7,4870598,11
L.J. Collier,DT,132,13.8,50.7,-36.9,3116449,22
Elijah Molden,S,60,62.3,99.3,-37.0,4243328,24
Greg Newsome II,CB,83,53.2,90.2,-37.0,4361266,19
Blake Corum,RB,39,173.4,210.5,-37.1,4429096,14
Jalen Coker,WR,56,157.7,194.8,-37.1,4695883,29
Tyrion Ingram-Dawkins,DE,89,31.5,68.7,-37.2,4629149,16
Trey Amos,CB,84,53.0,90.2,-37.2,4574689,28
Al-Quadin Muhammad,DE,90,31.4,68.7,-37.3,3051942,27
Josaiah Stewart,DE,91,31.2,68.7,-37.5,4682983,14
Deatrich Wise Jr.,DT,133,13.0,50.7,-37.7,2980080,28
Drake Thomas,LB,51,82.9,120.7,-37.8,4428659,26
Lonnie Johnson Jr.,S,61,61.3,99.3,-38.0,4240780,15
Bobby Jamison-Travis,DT,134,12.6,50.7,-38.1,5159928,19
Greg Dulcich,TE,26,126.2,164.4,-38.2,4367209,15
Jonah Elliss,DE,92,30.5,68.7,-38.2,4687592,7
Denzel Burke,CB,85,51.8,90.2,-38.4,4432668,22
Cameron Thomas,DE,93,30.2,68.7,-38.5,4361510,1
Dee Winters,LB,52,81.9,120.7,-38.8,4428914,6
Jer'Zhan Newton,DT,135,11.9,50.7,-38.8,4430560,28
Joshua Farmer,DT,136,11.8,50.7,-38.9,4611993,17
Matt Dickerson,DT,137,11.7,50.7,-39.0,3134316,30
Jaylahn Tuimoloau,DE,94,29.6,68.7,-39.1,4566154,11
Coby Bryant,S,62,60.2,99.3,-39.1,4239094,3
Donte Jackson,CB,86,51.1,90.2,-39.1,3843769,24
Levi Onwuzurike,DT,138,11.6,50.7,-39.1,4039020,8
Ty Hamilton,DT,139,11.4,50.7,-39.3,4431118,14
Christian Elliss,LB,53,81.3,120.7,-39.4,4245273,17
Marcus Epps,S,63,59.9,99.3,-39.4,3139368,21
Dondrea Tillman,DE,95,29.0,68.7,-39.7,5216101,7
Ventrell Miller,LB,54,80.9,120.7,-39.8,4240610,30
Theo Jackson,S,64,59.5,99.3,-39.8,4242436,16
Benito Jones,DT,140,10.9,50.7,-39.8,4035299,13
Tavius Robinson,DE,96,28.8,68.7,-39.9,4690179,33
Micheal Clemons,DE,97,28.6,68.7,-40.1,4240896,11
Jackie Marshall,DT,141,10.5,50.7,-40.2,5081785,10
Derrick Barnes,LB,55,80.4,120.7,-40.3,4260409,8
Gabe Jacas,DE,98,28.3,68.7,-40.4,4837244,17
Myles Harden,CB,87,49.8,90.2,-40.4,4695783,5
Kris Jenkins Jr.,DT,142,10.2,50.7,-40.5,4432301,4
Chris McClellan,DT,143,10.0,50.7,-40.7,4820574,9
Kingsley Enagbare,DE,99,27.8,68.7,-40.9,4362840,20
Cameron Goode,DE,100,27.4,68.7,-41.3,4035857,15
Bralen Trice,DE,101,27.2,68.7,-41.5,4428713,1
Jaylinn Hawkins,S,65,57.8,99.3,-41.5,3858276,33
Mekhi Blackmon,CB,88,48.7,90.2,-41.5,4360677,11
BJ Ojulari,DE,102,27.1,68.7,-41.6,4429111,22
PJ Mustipher,DT,144,9.1,50.7,-41.6,4361421,0
Calvin Ridley,WR,57,153.0,194.8,-41.8,3925357,10
Tonka Hemingway,DT,145,8.9,50.7,-41.8,4429109,13
Jacob Martin,DE,103,26.7,68.7,-42.0,3138764,10
Jordan Burch,DE,104,26.7,68.7,-42.0,4428996,22
Geno Stone,S,66,57.3,99.3,-42.0,4240575,2
Dante Fowler Jr.,DE,105,26.2,68.7,-42.5,2980100,26
Malcolm Koonce,DE,106,26.2,68.7,-42.5,4239719,13
Tony Jefferson,S,67,56.8,99.3,-42.5,16195,24
Yahya Black,DT,146,8.2,50.7,-42.5,4430947,23
Tyrus Wheat,DT,147,8.0,50.7,-42.7,4689333,6
T.J. Slaton Jr.,DT,148,7.9,50.7,-42.8,4240612,4
Darrell Jackson Jr.,DT,149,7.9,50.7,-42.8,4612836,20
Jerry Tillery,DT,150,7.7,50.7,-43.0,3863182,11
Cashius Howell,DE,107,25.1,68.7,-43.6,4710752,4
Aeneas Peebles,DT,151,7.1,50.7,-43.6,4565311,33
Barryn Sorrell,DE,108,24.9,68.7,-43.8,4683643,9
Adin Huntington,DT,152,6.8,50.7,-43.9,4605792,5
Jonah Williams,DT,153,6.8,50.7,-43.9,4032481,22
Darien Porter,CB,89,46.2,90.2,-44.0,4430330,13
Chris Williams,DT,154,6.7,50.7,-44.0,4034530,1
Princely Umanmielen,DE,109,24.6,68.7,-44.1,4429166,29
Brandon Pili,DT,155,6.6,50.7,-44.1,4259651,26
Anthony Nelson,DE,110,24.5,68.7,-44.2,3894856,27
Khristian Boyd,DT,156,6.5,50.7,-44.2,4384595,18
Jordan van den Berg,DT,157,6.4,50.7,-44.3,4875381,3
Cam Lewis,S,68,54.8,99.3,-44.5,3916577,3
Rakeem Nunez-Roches,DT,158,6.0,50.7,-44.7,2575453,27
Jacory Croskey-Merritt,RB,40,165.7,210.5,-44.8,4575131,28
Garrett Williams,CB,90,45.3,90.2,-44.9,4568506,22
Rylie Mills,DT,159,5.7,50.7,-45.0,4430838,26
Dominique Robinson,DE,111,23.6,68.7,-45.1,4244300,34
LaBryan Ray,DT,160,5.5,50.7,-45.2,4241473,29
Derrick Moore,DE,112,23.4,68.7,-45.3,4685461,8
Sam Williams,DE,113,23.3,68.7,-45.4,4567242,6
AJ Barner,TE,27,118.9,164.4,-45.5,4576297,26
Mike Morris,DT,161,5.2,50.7,-45.5,4572055,26
Jayden Higgins,WR,58,149.2,194.8,-45.6,4877706,34
Leonard Taylor III,DT,162,5.0,50.7,-45.7,4431598,17
Rayshaun Benny,DT,163,4.9,50.7,-45.8,4432661,33
Mike Danna,DE,114,22.8,68.7,-45.9,3915487,2
Mazi Smith,DT,164,4.0,50.7,-46.7,4426347,20
D'Angelo Ponds,CB,91,43.4,90.2,-46.8,5118340,20
Naquan Jones,DT,165,3.8,50.7,-46.9,4046716,34
Teddye Buchanan,LB,56,73.7,120.7,-47.0,4698244,33
Andrew Wingard,S,69,52.3,99.3,-47.0,3918331,22
Sam Roberts,DT,166,3.7,50.7,-47.0,4077786,0
Omar Speights,LB,57,73.5,120.7,-47.2,4428550,14
Rashid Shaheed,WR,59,147.4,194.8,-47.4,4032473,26
Jahdae Barron,CB,92,42.7,90.2,-47.5,4430925,7
Michael Hoecht,DE,115,20.7,68.7,-48.0,4033234,2
Ty Robinson,DT,167,2.6,50.7,-48.1,4569586,21
Tyree Wilson,DE,116,20.3,68.7,-48.4,4372533,18
Sai'vion Jones,DT,168,2.1,50.7,-48.6,4603189,7
Nick Barrett,DT,169,2.1,50.7,-48.6,4682818,24
Jerry Jeudy,WR,60,146.0,194.8,-48.8,4241463,5
Storm Duck,CB,93,41.0,90.2,-49.2,4427103,15
Dorian Williams,LB,58,70.6,120.7,-50.1,4568624,2
Desjuan Johnson,DE,117,18.5,68.7,-50.2,4362294,14
Shavon Revel Jr.,CB,94,40.0,90.2,-50.2,5095865,6
Keion White,DE,118,18.3,68.7,-50.4,4243493,25
Tre Tucker,WR,61,144.2,194.8,-50.6,4428718,13
Joshua Josephs,DE,119,17.9,68.7,-50.8,5081392,28
Oluwafemi Oladejo,DE,120,17.9,68.7,-50.8,4876057,10
Tyjae Spears,RB,41,159.3,210.5,-51.2,4428557,10
Keyron Crawford,DE,121,17.5,68.7,-51.2,4911904,13
Payton Turner,DE,122,17.4,68.7,-51.3,4240269,8
SirVocea Dennis,LB,59,69.3,120.7,-51.4,4429511,27
Tyler Nubin,S,70,47.4,99.3,-51.9,4430261,19
Denzel Perryman,LB,60,68.6,120.7,-52.1,2579621,24
Cody Simon,LB,61,68.5,120.7,-52.2,4429071,22
Malik Hooker,S,71,47.1,99.3,-52.2,3121415,6
Isaiah Pola-Mao,S,72,47.0,99.3,-52.3,4259632,13
Carrington Valentine,CB,95,37.8,90.2,-52.4,4430965,9
Justin Strnad,LB,62,68.2,120.7,-52.5,3919548,7
Evan Engram,TE,28,111.8,164.4,-52.6,3051876,7
Mike Gesicki,TE,29,111.8,164.4,-52.6,3116164,4
Jarrian Jones,CB,96,37.6,90.2,-52.6,4426448,30
Bud Dupree,DE,123,15.7,68.7,-53.0,2576702,24
Oronde Gadsden,TE,30,111.3,164.4,-53.1,4595342,24
Bo Richter,DE,124,15.3,68.7,-53.4,4875564,16
Caleb Ransaw,S,73,45.8,99.3,-53.5,4683347,30
TJ Parker,DE,125,14.9,68.7,-53.8,4870886,2
Tony Adams,S,74,45.4,99.3,-53.9,4240532,10
Jalen McMillan,WR,62,140.0,194.8,-54.8,4430834,27
Payton Wilson,LB,63,64.7,120.7,-56.0,4361652,23
Azeez Ojulari,DE,126,12.6,68.7,-56.1,4379409,1
Azareye'h Thomas,CB,97,34.1,90.2,-56.1,4685596,20
Denzel Boston,WR,63,138.5,194.8,-56.3,4832800,5
Dani Dennis-Sutton,DE,127,12.1,68.7,-56.6,4685315,9
Quincy Riley,CB,98,33.6,90.2,-56.6,4428350,18
AJ Epenesa,DE,128,12.0,68.7,-56.7,4240585,21
Wesley Williams,DE,129,12.0,68.7,-56.7,4832922,30
Cade Otton,TE,31,107.6,164.4,-56.8,4243331,27
Chauncey Golston,DE,130,11.6,68.7,-57.1,4036132,19
Darrell Baker Jr.,CB,99,33.1,90.2,-57.1,4036660,15
Quan Martin,S,75,42.0,99.3,-57.3,4360378,28
Josh Newton,CB,100,32.5,90.2,-57.7,4365319,4
David Ojabo,DE,131,10.9,68.7,-57.8,4426507,15
David Walker,DE,132,10.7,68.7,-58.0,5085355,27
Danny Striggow,DE,133,10.6,68.7,-58.1,4573319,30
Jonathan Owens,S,76,41.1,99.3,-58.2,4331768,11
Colton Hood,CB,101,31.7,90.2,-58.5,4921249,19
Michael Taaffe,S,77,40.3,99.3,-59.0,4880346,15
Jack Sawyer,DE,134,9.6,68.7,-59.1,4431590,23
Anfernee Jennings,DE,135,9.5,68.7,-59.2,3925350,18
Jaden Hicks,S,78,40.0,99.3,-59.3,4685232,12
Chuck Clark,S,79,39.9,99.3,-59.4,3045463,8
Nohl Williams,CB,102,30.8,90.2,-59.4,4610705,12
Kain Medrano,DE,136,8.9,68.7,-59.8,4427984,28
Romello Height,DE,137,8.7,68.7,-60.0,4432244,25
Marist Liufau,DE,138,8.0,68.7,-60.7,4427816,6
Dylan Horton,DE,139,7.9,68.7,-60.8,4374066,34
Germie Bernard,WR,64,133.7,194.8,-61.1,4685261,23
Adonai Mitchell,WR,65,133.4,194.8,-61.4,4597500,20
Jason Pinnock,S,80,37.7,99.3,-61.6,4240706,19
Avieon Terrell,CB,103,28.5,90.2,-61.7,4870988,1
Thomas Incoom,DE,140,6.2,68.7,-62.5,4714157,29
Arnold Ebiketie,DE,141,5.6,68.7,-63.1,4257591,21
Malachi Moore,S,81,36.1,99.3,-63.2,4692024,20
Daniel Hardy,DE,142,5.4,68.7,-63.3,4365629,3
Cedric Johnson,DE,143,5.4,68.7,-63.3,4430065,4
George Gumbs Jr.,DE,144,5.1,68.7,-63.6,4708238,11
Jalen Nailor,WR,66,131.1,194.8,-63.7,4382466,13
Cam Taylor-Britt,CB,104,26.4,90.2,-63.8,4361196,11
Jermod McCoy,CB,105,26.3,90.2,-63.9,5157289,13
Jared Ivey,DE,145,4.3,68.7,-64.4,4605478,26
Tyler Batty,DE,146,4.2,68.7,-64.5,4608794,16
RJ Mickens,S,82,34.8,99.3,-64.5,4429018,24
Max Melton,CB,106,25.6,90.2,-64.6,4698113,22
Braiden McGregor,DE,147,3.8,68.7,-64.9,4429005,20
Rashod Bateman,WR,67,129.6,194.8,-65.2,4360939,33
Myles Bryant,CB,107,25.0,90.2,-65.2,4039010,5
Zach Charbonnet,RB,42,144.9,210.5,-65.6,4426385,26
Sean Murphy-Bunting,CB,108,24.5,90.2,-65.7,3932886,22
Danny Stutsman,LB,64,54.7,120.7,-66.0,4683215,18
Bradyn Swinson,DE,148,2.6,68.7,-66.1,4431424,17
Pete Werner,LB,65,54.5,120.7,-66.2,4241993,18
Keir Thomas II,DE,149,2.5,68.7,-66.2,4038843,14
Jaylen McCollough,S,83,33.0,99.3,-66.3,4427120,14
Tacario Davis,CB,109,23.8,90.2,-66.4,4726127,4
Owen Pappoe,LB,66,54.1,120.7,-66.6,4567219,22
LT Overton,DE,150,1.8,68.7,-66.9,4870960,6
Ar'Darius Washington,S,84,32.3,99.3,-67.0,4362492,19
Jordan Mason,RB,43,142.2,210.5,-68.3,4360569,16
Austin Ajiake,LB,67,50.6,120.7,-70.1,4374171,11
Deane Leonard,CB,110,20.0,90.2,-70.2,4690171,24
Lathan Ransom,S,85,28.6,99.3,-70.7,4429110,29
Kristian Fulton,CB,111,19.5,90.2,-70.7,4035433,12
Davison Igbinosun,CB,112,19.3,90.2,-70.9,4832035,2
Justin Walley,CB,113,19.3,90.2,-70.9,4682909,11
Amik Robertson,CB,114,18.7,90.2,-71.5,4239694,28
Jalen Davis,CB,115,18.2,90.2,-72.0,3125356,4
Asante Samuel Jr.,CB,116,18.0,90.2,-72.2,4363034,23
Woody Marks,RB,44,137.9,210.5,-72.6,4429059,34
Jay Ward,S,86,26.7,99.3,-72.6,4568007,16
Ennis Rakestraw Jr.,CB,117,17.1,90.2,-73.1,4566092,8
K.J. Britt,LB,68,47.4,120.7,-73.3,4242521,17
Benjamin St-Juste,CB,118,16.8,90.2,-73.4,4258206,9
Malik Muhammad,CB,119,16.6,90.2,-73.6,4870953,3
Kitan Oladapo,S,87,25.5,99.3,-73.8,4374037,9
Xavier Woods,S,88,25.4,99.3,-73.9,3040572,3
Alvin Kamara,RB,45,136.4,210.5,-74.1,3054850,18
Jauan Jennings,WR,68,120.0,194.8,-74.8,3886598,16
Zayne Anderson,S,89,24.4,99.3,-74.9,3932335,15
Jahlani Tavai,LB,69,45.7,120.7,-75.0,3124587,30
Noah Igbinoghene,CB,120,14.7,90.2,-75.5,4242516,26
Isiah Pacheco,RB,46,134.9,210.5,-75.6,4361529,8
Dell Pettus,S,90,23.6,99.3,-75.7,4428232,17
Jaylin Smith,CB,121,14.4,90.2,-75.8,4594277,34
Bud Clark,S,91,23.3,99.3,-76.0,4430262,26
Jonathan Jones,CB,122,14.2,90.2,-76.0,2971027,21
Emmanuel Forbes Jr.,CB,123,14.2,90.2,-76.0,4429767,14
Xavier Legette,WR,69,118.4,194.8,-76.4,4430034,29
Keith Abney II,CB,124,13.8,90.2,-76.4,5093004,8
Brandon Cisse,CB,125,13.5,90.2,-76.7,5076652,9
Jaylon Jones,CB,126,13.1,90.2,-77.1,4047655,3
Corey Thornton,CB,127,12.8,90.2,-77.4,4431426,29
Devin White,LB,70,43.2,120.7,-77.5,4035434,8
Derion Kendrick,CB,128,12.5,90.2,-77.7,4360307,6
De'Zhaun Stribling,WR,70,116.3,194.8,-78.5,4710714,25
Percy Butler,CB,129,11.3,90.2,-78.9,4363097,28
DJ Ivey,CB,130,10.8,90.2,-79.4,4362502,4
Joshua Williams,CB,131,10.5,90.2,-79.7,4917635,10
Michael Mayer,TE,32,84.6,164.4,-79.8,4429086,13
D'Angelo Ross,CB,132,10.1,90.2,-80.1,3139389,5
Nate Hobbs,CB,133,10.0,90.2,-80.2,4240542,25
Michael Carter II,CB,134,9.9,90.2,-80.3,4240456,21
Ifeatu Melifonwu,S,92,18.9,99.3,-80.4,4240401,27
Jordan Howden,S,93,18.9,99.3,-80.4,4360949,18
Qwan'tez Stiggers,CB,135,9.6,90.2,-80.6,5208977,20
Johnathan Edwards,CB,136,9.5,90.2,-80.7,4695991,11
Thomas Harper,S,94,18.4,99.3,-80.9,4569323,8
Josh Blackwell,CB,137,9.2,90.2,-81.0,4240459,3
Jordan Hancock,S,95,17.7,99.3,-81.6,4596480,2
Kyle Dugger,S,96,17.6,99.3,-81.7,4401811,4
Jacob Rodriguez,LB,71,38.9,120.7,-81.8,4566094,15
T.J. Tampa,CB,138,7.7,90.2,-82.5,4575483,33
Brandin Echols,CB,139,7.4,90.2,-82.8,4567979,23
Ephesians Prysock,CB,140,7.4,90.2,-82.8,4685523,25
Charles Woods,CB,141,7.3,90.2,-82.9,4368113,17
Christian Braswell,CB,142,7.2,90.2,-83.0,4257580,30
Caelen Carson,CB,143,7.1,90.2,-83.1,4431006,6
Deshaun Watson,QB,31,154.0,237.2,-83.2,3122840,5
Ja'Tavion Sanders,TE,33,81.1,164.4,-83.3,4431588,29
Darnay Holmes,CB,144,6.6,90.2,-83.6,4242973,1
Tank Dell,WR,71,111.0,194.8,-83.8,4366031,34
Keionte Scott,CB,145,6.4,90.2,-83.8,5093694,27
Karon Prunty,CB,146,6.4,90.2,-83.8,4606666,17
Emmanuel McNeil-Warren,S,97,15.4,99.3,-83.9,4837186,5
Omar Cooper Jr.,WR,72,110.4,194.8,-84.4,4723820,20
Devin Moore,CB,147,5.6,90.2,-84.6,4702577,6
Dane Belton,S,98,14.6,99.3,-84.7,4426686,20
Deonte Banks,CB,148,5.5,90.2,-84.7,4428328,19
Sydney Brown,S,99,14.5,99.3,-84.8,4360386,1
Tatum Bethune,LB,72,35.7,120.7,-85.0,4426698,25
Oren Burks,LB,73,35.6,120.7,-85.1,3051746,4
Tremon Smith,CB,149,5.0,90.2,-85.2,3134448,34
Kris Abrams-Draine,CB,150,4.9,90.2,-85.3,4429193,7
Nikko Reed,CB,151,4.8,90.2,-85.4,4691043,24
Daylen Everette,CB,152,4.7,90.2,-85.5,4685327,23
Julian Neal,CB,153,4.7,90.2,-85.5,4684543,26
Charles Demmings,CB,154,4.7,90.2,-85.5,5091793,16
Jadon Canady,CB,155,4.6,90.2,-85.6,4710706,12
Toriano Pride Jr.,CB,156,4.6,90.2,-85.6,4698598,2
Akayleb Evans,CB,157,4.6,90.2,-85.6,4244607,29
Chandler Rivers,CB,158,4.6,90.2,-85.6,4702918,33
Tua Tagovailoa,QB,32,151.4,237.2,-85.8,4241479,1
P.J. Locke,S,100,13.5,99.3,-85.8,3929850,6
Marques Sigle,S,101,13.5,99.3,-85.8,4693337,25
Jalen Huskey,S,102,13.1,99.3,-86.2,4912185,30
Malik Washington,WR,73,108.5,194.8,-86.3,4569603,15
David Njoku,TE,34,78.0,164.4,-86.4,3123076,24
Natrone Brooks,CB,159,3.8,90.2,-86.4,4689989,1
J.T. Gray,S,103,12.4,99.3,-86.9,3115481,21
Isaac Yiadom,CB,160,3.1,90.2,-87.1,3122797,18
Anthony Hill Jr.,LB,74,33.5,120.7,-87.2,4870805,10
Jeremy Reaves,S,104,12.1,99.3,-87.2,3125248,28
Siran Neal,CB,161,3.0,90.2,-87.2,3057524,25
Josh Hayes,CB,162,3.0,90.2,-87.2,4248533,27
Will Lee III,CB,163,2.8,90.2,-87.4,5151083,29
Hezekiah Masses,CB,164,2.8,90.2,-87.4,4917354,13
Devon Key,S,105,11.8,99.3,-87.5,4037559,7
Cooper Kupp,WR,74,107.0,194.8,-87.8,2977187,26
Micah Robinson,CB,165,2.0,90.2,-88.2,4695280,10
Josiah Trotter,LB,75,32.1,120.7,-88.6,4870998,27
Troy Dye,LB,76,32.1,120.7,-88.6,4038946,24
Jamal Adams,LB,77,32.0,120.7,-88.7,3115373,16
D'Anthony Bell,S,106,10.5,99.3,-88.8,4608386,26
Ja'Kobi Lane,WR,75,105.9,194.8,-88.9,4870847,33
Darnell Washington,TE,35,75.4,164.4,-89.0,4430802,23
Jakobe Thomas,S,107,10.3,99.3,-89.0,4710865,16
Cole Holcomb,LB,78,31.5,120.7,-89.2,3116689,23
Rayshawn Jenkins,S,108,10.1,99.3,-89.2,2969961,23
Johnathan Baldwin II,S,109,10.1,99.3,-89.2,4709980,9
Trenton Simpson,LB,79,31.3,120.7,-89.4,4430831,33
Mike Brown,S,110,9.6,99.3,-89.7,4244310,17
Daniel Thomas,S,111,9.5,99.3,-89.8,4035505,5
Michael Penix Jr.,QB,33,147.3,237.2,-89.9,4360423,1
Justice Hill,RB,47,120.5,210.5,-90.0,4038441,33
Zachariah Branch,WR,76,104.3,194.8,-90.5,4870612,1
Avonte Maddox,S,112,8.6,99.3,-90.7,3123938,8
Marte Mapu,LB,80,29.7,120.7,-91.0,4248899,34
Hunter Wohler,S,113,8.2,99.3,-91.1,4432789,11
Tyrice Knight,LB,81,29.3,120.7,-91.4,4686540,26
Leo Chenal,LB,82,28.9,120.7,-91.8,4426901,28
Malcolm Rodriguez,LB,83,27.9,120.7,-92.8,4241411,8
Christian Rozeboom,LB,84,27.7,120.7,-93.0,3909013,27
Dawson Knox,TE,36,71.1,164.4,-93.3,3930086,2
Ashtyn Davis,S,114,6.0,99.3,-93.3,3858271,25
Chris Roland-Wallace,S,115,6.0,99.3,-93.3,4428383,12
Jaylen Reed,S,116,5.9,99.3,-93.4,4432758,34
Dalton Johnson,S,117,5.1,99.3,-94.2,4682488,13
Rayuan Lane III,S,118,5.1,99.3,-94.2,4880675,30
Cole Wisniewski,S,119,5.0,99.3,-94.3,4693345,21
Kendell Brooks,S,120,5.0,99.3,-94.3,4585317,10
Kitan Crawford,S,121,5.0,99.3,-94.3,4430821,22
Lorenzo Styles Jr.,S,122,4.7,99.3,-94.6,4432768,18
Joe Andreessen,LB,85,25.9,120.7,-94.8,4366349,2
Justin Jefferson,LB,86,25.3,120.7,-95.4,5150249,5
Jack Cochrane,LB,87,25.2,120.7,-95.5,4249766,12
Christian Izien,S,123,3.8,99.3,-95.5,4372459,8
Daijahn Anthony,S,124,3.1,99.3,-96.2,4874448,4
JL Skinner,S,125,2.9,99.3,-96.4,4428503,7
Kendal Daniels,LB,88,24.2,120.7,-96.5,4595343,1
Elijah Hicks,S,126,2.2,99.3,-97.1,4242402,3
Genesis Smith,S,127,2.0,99.3,-97.3,4950551,24
D'Marco Jackson,LB,89,23.3,120.7,-97.4,4241007,3
Colby Parkinson,TE,37,66.7,164.4,-97.7,4242557,14
Wade Woodaz,LB,90,22.7,120.7,-98.0,4837286,34
Kamari Ramsey,S,128,1.0,99.3,-98.3,4685518,34
Micah McFadden,LB,91,22.2,120.7,-98.5,4371961,19
Tommy Tremble,TE,38,65.1,164.4,-99.3,4372780,29
Theo Johnson,TE,39,64.2,164.4,-100.2,4429148,19
Jalen Tolbert,WR,77,94.4,194.8,-100.4,4249417,15
Jack Kiser,LB,92,20.0,120.7,-100.7,4427716,30
Ryan Flournoy,WR,78,94.0,194.8,-100.8,5083754,6
Noah Gray,TE,40,63.5,164.4,-100.9,4240472,12
Jeffrey Bassa,LB,93,19.7,120.7,-101.0,4602389,12
Elijah Arroyo,TE,41,63.3,164.4,-101.1,4678006,26
Tre' Harris,WR,79,93.4,194.8,-101.4,4686612,24
Bryce Boettcher,LB,94,19.1,120.7,-101.6,5088571,11
Darnell Mooney,WR,80,93.0,194.8,-101.8,4040655,19
Chris Bell,WR,81,92.7,194.8,-102.1,4869961,15
Samaje Perine,RB,48,107.9,210.5,-102.6,3116389,4
Claudin Cherelus,LB,95,16.7,120.7,-104.0,4256224,29
Mason Taylor,TE,42,60.2,164.4,-104.2,4808766,20
Jimmy Rolder,LB,96,16.5,120.7,-104.2,4896353,8
Shemar James,LB,97,16.2,120.7,-104.5,4685400,6
JD Bertrand,LB,98,15.5,120.7,-105.2,4428872,1
Kyle Louis,LB,99,15.4,120.7,-105.3,4880273,15
Jack Sanborn,LB,100,13.4,120.7,-107.3,4372576,3
Shaka Heyward,LB,101,13.1,120.7,-107.6,4360413,4
Winston Reid,LB,102,13.0,120.7,-107.7,4251125,5
Junior Colson,LB,103,12.9,120.7,-107.8,4431212,24
Jaishawn Barham,LB,104,12.9,120.7,-107.8,4685266,6
Shaun Dolac,LB,105,12.9,120.7,-107.8,4693848,14
Brian Robinson Jr.,RB,49,102.6,210.5,-107.9,4241474,1
Jack Bech,WR,82,86.4,194.8,-108.4,4603186,13
Drew Sanders,LB,106,12.0,120.7,-108.7,4685721,7
Cole Kmet,TE,43,55.4,164.4,-109.0,4258595,3
Malik Harrison,LB,107,11.5,120.7,-109.2,4040615,23
Red Murdock,LB,108,11.3,120.7,-109.4,4912190,7
James Williams Sr.,LB,109,11.0,120.7,-109.7,4431613,10
Darius Slayton,WR,83,84.6,194.8,-110.2,3916945,19
Caleb Douglas,WR,84,84.3,194.8,-110.5,4869645,15
Kaleb Elarms-Orr,LB,110,10.2,120.7,-110.5,4594321,2
Isaiah McDuffie,LB,111,9.8,120.7,-110.9,4239947,9
Jeremiah Trotter Jr.,LB,112,9.3,120.7,-111.4,4432777,21
Marcelino McCrary-Ball,LB,113,9.0,120.7,-111.7,4045299,20
Demetrius Flannigan-Fowles,LB,114,8.9,120.7,-111.8,3931424,2
Trey Moore,LB,115,8.6,120.7,-112.1,4879212,15
Garret Wallow,LB,116,8.5,120.7,-112.2,4241807,25
Tyler Allgeier,RB,50,98.0,210.5,-112.5,4373626,22
Jake Golday,LB,117,7.8,120.7,-112.9,4877652,16
Antonio Williams,WR,85,81.3,194.8,-113.5,5081432,28
Kayshon Boutte,WR,86,81.2,194.8,-113.6,4429022,17
Channing Tindall,LB,118,6.6,120.7,-114.1,4379414,1
Andrei Iosivas,WR,87,80.5,194.8,-114.3,4368003,4
Tyquan Thornton,WR,88,80.4,194.8,-114.4,4362921,12
Chazz Surratt,LB,119,6.3,120.7,-114.4,4037521,26
Kiko Mauigoa,LB,120,6.1,120.7,-114.6,4700136,20
Chad Muma,LB,121,5.9,120.7,-114.8,4361707,17
Tommy Eichenberg,LB,122,5.2,120.7,-115.5,4429560,13
Tyrone Tracy Jr.,RB,51,94.5,210.5,-116.0,4360516,19
Jahan Dotson,WR,89,78.6,194.8,-116.2,4361409,1
Shedeur Sanders,QB,34,121.0,237.2,-116.2,4432762,5
Jaylin Noel,WR,90,78.4,194.8,-116.4,4586312,34
Ivan Pace Jr.,LB,123,4.3,120.7,-116.4,4430280,16
Willie Gay Jr.,LB,124,3.8,120.7,-116.9,4259804,15
Smael Mondon Jr.,LB,125,2.6,120.7,-118.1,4431573,21
Noah Fant,TE,44,46.2,164.4,-118.2,4036131,18
Jack Kelly,LB,126,2.5,120.7,-118.2,4876380,19
Isaac TeSlaa,WR,91,76.3,194.8,-118.5,5123663,8
Austin Hooper,TE,45,45.5,164.4,-118.9,3043275,1
Pat Bryant,WR,92,75.4,194.8,-119.4,4600981,7
Elijah Higgins,TE,46,44.9,164.4,-119.5,4426844,22
Dylan Sampson,RB,52,90.6,210.5,-119.9,5081397,5
Ty Johnson,RB,53,88.7,210.5,-121.8,3915411,2
Savion Williams,WR,93,72.3,194.8,-122.5,4431487,9
Erick All Jr.,TE,47,41.5,164.4,-122.9,4427834,4
Will Kacmarek,TE,48,41.5,164.4,-122.9,4880236,15
Josh Oliver,TE,49,40.2,164.4,-124.2,3921690,16
Marvin Mims Jr.,WR,94,70.4,194.8,-124.4,4686472,7
Drew Sample,TE,50,39.9,164.4,-124.5,3127310,4
Tyler Higbee,TE,51,39.5,164.4,-124.9,2573401,14
Eli Stowers,TE,52,38.8,164.4,-125.6,4431574,21
Eli Raridon,TE,53,38.8,164.4,-125.6,4831959,17
Dontayvion Wicks,WR,95,69.1,194.8,-125.7,4428850,21
Ted Hurst III,WR,96,68.0,194.8,-126.8,5220680,27
Tory Horton,WR,97,67.7,194.8,-127.1,4597703,26
Charlie Kolar,TE,54,37.0,164.4,-127.4,4241263,24
KaVontae Turpin,WR,98,66.8,194.8,-128.0,3676833,6
Mitchell Evans,TE,55,36.4,164.4,-128.0,4683243,29
John Bates,TE,56,35.7,164.4,-128.7,4048228,28
Cade Stover,TE,57,35.5,164.4,-128.9,4426496,34
Braelon Allen,RB,54,81.4,210.5,-129.1,4685247,20
DeMario Douglas,WR,99,65.2,194.8,-129.6,4427095,17
Jake Tonges,TE,58,34.1,164.4,-130.3,4259147,25
Devaughn Vele,WR,100,63.0,194.8,-131.8,4569559,18
Nick Westbrook-Ikhine,WR,101,62.5,194.8,-132.3,3929785,11
Keon Coleman,WR,102,62.1,194.8,-132.7,4635008,2
Chris Rodriguez Jr.,RB,55,77.1,210.5,-133.4,4362619,30
Tanner Hudson,TE,59,30.6,164.4,-133.8,3050481,4
Adam Trautman,TE,60,29.8,164.4,-134.6,3911853,7
Luke Schoonmaker,TE,61,29.0,164.4,-135.4,4372096,6
Jackson Hawes,TE,62,28.8,164.4,-135.6,4573699,2
Mo Alie-Cox,TE,63,28.5,164.4,-135.9,2998565,11
Daniel Bellinger,TE,64,27.8,164.4,-136.6,4361516,10
Ben Sinnott,TE,65,27.3,164.4,-137.1,4690923,28
Ashton Dulin,WR,103,57.4,194.8,-137.4,4061956,11
Tutu Atwell,WR,104,56.7,194.8,-138.1,4360797,15
Jeremy Ruckert,TE,66,25.8,164.4,-138.6,4361372,20
Luke Musgrave,TE,67,25.4,164.4,-139.0,4428085,9
Kevin Coleman Jr.,WR,105,54.7,194.8,-140.1,4685307,15
Durham Smythe,TE,68,24.3,164.4,-140.1,3052897,33
Mike Washington Jr.,RB,56,70.2,210.5,-140.3,4686658,13
Elijah Sarratt,WR,106,53.6,194.8,-141.2,5088338,33
Tank Bigsby,RB,57,69.0,210.5,-141.5,4429013,21
Hollywood Brown,WR,107,53.2,194.8,-141.6,4241372,21
MarShawn Lloyd,RB,58,68.8,210.5,-141.7,4429023,9
Troy Franklin,WR,108,53.1,194.8,-141.7,4431280,7
Keaton Mitchell,RB,59,68.3,210.5,-142.2,4596334,24
Kendrick Bourne,WR,109,52.0,194.8,-142.8,3045523,22
Emari Demercado,RB,60,67.2,210.5,-143.3,4362478,12
Jordan James,RB,61,66.3,210.5,-144.2,4685397,25
Davis Allen,TE,69,20.0,164.4,-144.4,4426553,14
Brock Wright,TE,70,19.2,164.4,-145.2,4242392,8
Foster Moreau,TE,71,19.1,164.4,-145.3,3843945,34
Nate Boerkircher,TE,72,18.9,164.4,-145.5,4686248,30
Payne Durham,TE,73,18.9,164.4,-145.5,4372505,27
Nate Adkins,TE,74,18.6,164.4,-145.8,4383440,7
Dyami Brown,WR,110,48.9,194.8,-145.9,4361577,28
Kalif Raymond,WR,111,48.1,194.8,-146.7,2973405,3
Christian Kirk,WR,112,48.0,194.8,-146.8,3895856,25
Treylon Burks,WR,113,46.8,194.8,-148.0,4567156,28
Joe Royer,TE,75,16.3,164.4,-148.1,4565859,5
Joshua Palmer,WR,114,46.6,194.8,-148.2,4242433,2
Ben Sims,TE,76,15.6,164.4,-148.8,4373030,15
Cyrus Allen,WR,115,45.8,194.8,-149.0,4912218,12
Skyler Bell,WR,116,44.6,194.8,-150.2,4683153,2
Bryce Lance,WR,117,44.0,194.8,-150.8,4879276,18
Jordan Whittington,WR,118,43.3,194.8,-151.5,4569382,14
Luke Farrell,TE,77,10.4,164.4,-154.0,4040612,25
Max Klare,TE,78,9.6,164.4,-154.8,4833029,14
Justin Joly,TE,79,9.2,164.4,-155.2,4912052,7
Brevyn Spann-Ford,TE,80,9.2,164.4,-155.2,4360967,6
CJ Dippre,TE,81,9.0,164.4,-155.4,4596545,17
Tanner Koziol,TE,82,8.9,164.4,-155.5,4917427,30
Ko Kieft,TE,83,8.9,164.4,-155.5,4034779,27
Oscar Delp,TE,84,8.7,164.4,-155.7,4702559,18
Sam Roush,TE,85,8.7,164.4,-155.7,4685504,3
Marlin Klein,TE,86,8.7,164.4,-155.7,4695705,34
Tyler Conklin,TE,87,8.6,164.4,-155.8,3915486,8
Matthew Hibner,TE,88,8.6,164.4,-155.8,4432260,33
Eric Saubert,TE,89,8.6,164.4,-155.8,2975863,26
Drew Ogletree,TE,90,8.6,164.4,-155.8,4722908,11
Josh Cuevas,TE,91,8.6,164.4,-155.8,4876132,33
Tip Reiman,TE,92,8.3,164.4,-156.1,4696700,22
Charlie Woerner,TE,93,8.3,164.4,-156.1,4035020,1
Johnny Mundt,TE,94,8.1,164.4,-156.3,3052096,21
Ian Thomas,TE,95,8.1,164.4,-156.3,4045305,13
Jack Stoll,TE,96,7.8,164.4,-156.6,4034862,5
Isaiah Davis,RB,62,53.4,210.5,-157.1,4695404,20
Zavion Thomas,WR,119,36.5,194.8,-158.3,4869748,3
Jaylin Lane,WR,120,35.7,194.8,-159.1,4602667,28
Xavier Hutchinson,WR,121,35.4,194.8,-159.4,4686422,34
Malachi Fields,WR,122,35.2,194.8,-159.6,4682648,19
Jaydon Blue,RB,63,49.8,210.5,-160.7,4685279,6
Chris Manhertz,TE,97,3.7,164.4,-160.7,2531358,19
Odell Beckham Jr.,WR,123,33.9,194.8,-160.9,16733,19
Olamide Zaccheaus,WR,124,33.4,194.8,-161.4,3917914,1
Dont'e Thornton Jr.,WR,125,33.4,194.8,-161.4,4432775,13
Emmett Johnson,RB,64,48.7,210.5,-161.8,4832955,12
Isaiah Bond,WR,126,32.2,194.8,-162.6,4808839,5
LeQuint Allen Jr.,RB,65,47.4,210.5,-163.1,4911851,30
Kyle Juszczyk,RB,66,46.5,210.5,-164.0,16002,25
Jaylen Wright,RB,67,46.2,210.5,-164.3,4682745,15
Konata Mumpfield,WR,127,30.1,194.8,-164.7,4710855,14
Chris Brooks,RB,68,45.7,210.5,-164.8,3149687,9
Brenen Thompson,WR,128,29.1,194.8,-165.7,4685553,24
Mack Hollins,WR,129,29.0,194.8,-165.8,2991662,17
George Holani,RB,69,44.2,210.5,-166.3,4429835,26
KeAndre Lambert-Smith,WR,130,28.0,194.8,-166.8,4430870,24
Devontez Walker,WR,131,27.5,194.8,-167.3,4696882,33
Jonah Coleman,RB,70,43.1,210.5,-167.4,4702555,7
Chimere Dike,WR,132,27.1,194.8,-167.7,4431268,10
Kimani Vidal,RB,71,41.2,210.5,-169.3,4430968,24
Kyle Williams,WR,133,23.8,194.8,-171.0,4613202,17
Sean Tucker,RB,72,39.2,210.5,-171.3,4430871,27
DJ Giddens,RB,73,38.1,210.5,-172.4,4874509,11
Tez Johnson,WR,134,22.2,194.8,-172.6,4608810,27
Malik Davis,RB,74,37.6,210.5,-172.9,4240603,6
Jimmy Horn Jr.,WR,135,21.9,194.8,-172.9,4708486,29
Ray Davis,RB,75,37.1,210.5,-173.4,4429501,2
Ollie Gordon II,RB,76,37.0,210.5,-173.5,4711533,15
Mitchell Tinsley,WR,136,20.2,194.8,-174.6,4690070,4
Kirk Cousins,QB,35,61.3,237.2,-175.9,14880,13
Luke McCaffrey,WR,137,18.7,194.8,-176.1,4426948,28
Jalen Royals,WR,138,18.4,194.8,-176.4,5082630,12
Anthony Gould,WR,139,16.8,194.8,-178.0,4429684,11
Calvin Austin III,WR,140,16.2,194.8,-178.6,4243389,19
Elic Ayomanor,WR,141,16.0,194.8,-178.8,4883647,10
Malik Benson,WR,142,15.8,194.8,-179.0,5150247,13
Kaelon Black,RB,77,30.8,210.5,-179.7,4696044,25
Greg Dortch,WR,143,14.1,194.8,-180.7,4037235,8
Will Shipley,RB,78,28.2,210.5,-182.3,4431545,21
Ben Skowronek,WR,144,12.1,194.8,-182.7,4035656,23
Tyrell Shavers,WR,145,11.5,194.8,-183.3,4241476,2
Bo Melton,WR,146,11.4,194.8,-183.4,4259305,9
Adam Randall,RB,79,26.3,210.5,-184.2,4685526,33
Hunter Luepke,RB,80,26.1,210.5,-184.4,4383396,6
Derius Davis,WR,147,10.4,194.8,-184.4,4362477,24
Xavier Smith,WR,148,10.1,194.8,-184.7,4386544,14
Isaiah Williams,WR,149,10.1,194.8,-184.7,4569371,20
Colbie Young,WR,150,10.0,194.8,-184.8,5092508,4
CJ Daniels,WR,151,9.9,194.8,-184.9,4605951,14
Demarcus Robinson,WR,152,9.9,194.8,-184.9,3043116,25
Demond Claiborne,RB,81,25.2,210.5,-185.3,4832846,16
Malachi Corley,WR,153,9.1,194.8,-185.7,4613104,5
Justin Watson,WR,154,9.0,194.8,-185.8,3118892,34
Jonathan Mingo,WR,155,8.8,194.8,-186.0,4426485,6
Jahdae Walker,WR,156,8.5,194.8,-186.3,5160110,3
Tai Felton,WR,157,8.5,194.8,-186.3,4565185,16
Darius Cooper,WR,158,8.3,194.8,-186.5,4715355,21
Laquon Treadwell,WR,159,8.1,194.8,-186.7,3051889,11
J.J. McCarthy,QB,36,50.4,237.2,-186.8,4433970,16
Barion Brown,WR,160,7.9,194.8,-186.9,4698597,18
Brycen Tremayne,WR,161,7.7,194.8,-187.1,4360763,29
Reggie Virgil,WR,162,7.6,194.8,-187.2,4869132,22
Cedric Tillman,WR,163,7.3,194.8,-187.5,4369863,5
Kaden Wetjen,WR,164,5.3,194.8,-189.5,5081338,23
Devin Singletary,RB,82,20.1,210.5,-190.4,4040761,19
Nicholas Singleton,RB,83,20.0,210.5,-190.5,4685555,10
Tahj Brooks,RB,84,19.6,210.5,-190.9,4429299,4
Arian Smith,WR,165,3.8,194.8,-191.0,4429105,20
Tyler Badie,RB,85,19.2,210.5,-191.3,4362748,7
Kameron Johnson,WR,166,2.2,194.8,-192.6,5097554,27
Kaytron Allen,RB,86,16.1,210.5,-194.4,4685246,28
Seth McGowan,RB,87,15.9,210.5,-194.6,4686468,11
Alec Ingold,RB,88,15.8,210.5,-194.7,3917668,24
Trevor Etienne,RB,89,15.1,210.5,-195.4,4685350,29
Emanuel Wilson,RB,90,10.0,210.5,-200.5,4887558,26
Adam Prentice,RB,91,9.7,210.5,-200.8,3929914,7
Connor Heyward,RB,92,9.5,210.5,-201.0,4241961,13
Michael Burton,RB,93,9.5,210.5,-201.0,2515270,5
Max Bredeson,RB,94,8.6,210.5,-201.9,4878695,16
Carson Beck,QB,37,35.3,237.2,-201.9,4430841,22
Kendre Miller,RB,95,7.8,210.5,-202.7,4599739,18
Andrew Beck,RB,96,7.8,210.5,-202.7,3125107,20
Jawhar Jordan,RB,97,7.5,210.5,-203.0,4429939,34
Riley Nowakowski,RB,98,7.4,210.5,-203.1,4693370,23
Reggie Gilliam,RB,99,7.3,210.5,-203.2,4039505,17
Patrick Ricard,RB,100,7.0,210.5,-203.5,2975417,19
Kaleb Johnson,RB,101,5.1,210.5,-205.4,4819231,23
British Brooks,RB,102,2.2,210.5,-208.3,4373273,34
Joe Flacco,QB,38,14.2,237.2,-223.0,11252,4
Nick Mullens,QB,39,13.8,237.2,-223.4,3059989,30
Tyson Bagent,QB,40,13.3,237.2,-223.9,4434153,3
Jarrett Stidham,QB,41,13.2,237.2,-224.0,3892775,7
Justin Fields,QB,42,13.1,237.2,-224.1,4362887,12
Jake Browning,QB,43,13.1,237.2,-224.1,3886812,27
Ty Simpson,QB,44,12.7,237.2,-224.5,4685522,14
Tanner McKee,QB,45,12.7,237.2,-224.5,4685201,21
Tommy DeVito,QB,46,12.4,237.2,-224.8,4240391,17
Marcus Mariota,QB,47,12.3,237.2,-224.9,2576980,28
Riley Leonard,QB,48,12.2,237.2,-225.0,4683423,11
Drew Allar,QB,49,12.1,237.2,-225.1,4714771,23
Kenny Pickett,QB,50,12.1,237.2,-225.1,4240703,29
Tyrod Taylor,QB,51,12.0,237.2,-225.2,14163,9
Spencer Rattler,QB,52,11.7,237.2,-225.5,4426339,18
Sam Howell,QB,53,11.7,237.2,-225.5,4426875,6
Trey Lance,QB,54,11.4,237.2,-225.8,4383351,24
Mac Jones,QB,55,11.3,237.2,-225.9,4241464,25
Jameis Winston,QB,56,11.1,237.2,-226.1,2969939,19
Tyler Huntley,QB,57,10.9,237.2,-226.3,4035671,33
Kyle Allen,QB,58,10.5,237.2,-226.7,3115293,2
Davis Mills,QB,59,10.4,237.2,-226.8,4242546,34
Mitchell Trubisky,QB,60,10.4,237.2,-226.8,3039707,10
Drew Lock,QB,61,10.3,237.2,-226.9,3924327,26
Cade Klubnik,QB,62,9.8,237.2,-227.4,4685413,20
Quinn Ewers,QB,63,9.6,237.2,-227.6,4889929,15
Gardner Minshew II,QB,64,9.1,237.2,-228.1,4038524,22
