fecha,hora,local,visita,marcador,gl,gv,p_local,p_empate,p_visita,ev_pts,n_casas,cupo_1,cupo_2,cupo_3,cupo_4,cupo_5
2026-06-11,14:00,México,Sudáfrica,2-1,2,1,0.679,0.211,0.11,3.32,56,2-1,2-1,2-1,2-1,2-1
2026-06-11,21:00,Corea del Sur,Czech Republic,1-1,1,1,0.357,0.305,0.338,3.19,55,1-1,1-1,1-1,1-1,1-1
2026-06-12,14:00,Canadá,Bosnia & Herzegovina,2-1,2,1,0.523,0.267,0.21,3.27,55,2-1,2-1,2-1,2-1,2-1
2026-06-12,20:00,USA,Paraguay,2-1,2,1,0.484,0.279,0.237,3.2,55,2-1,2-1,1-1,2-1,2-1
2026-06-13,14:00,Qatar,Suiza,1-2,1,2,0.072,0.147,0.781,3.39,55,1-2,1-2,1-3,1-3,1-2
2026-06-13,17:00,Brasil,Marruecos,2-1,2,1,0.577,0.25,0.173,3.35,55,2-1,2-1,2-1,2-1,2-1
2026-06-13,20:00,Haiti,Scotland,1-2,1,2,0.154,0.222,0.624,3.42,55,1-2,1-2,1-2,1-2,1-2
2026-06-13,23:00,Australia,Turkey,1-2,1,2,0.186,0.26,0.554,3.33,55,1-2,1-2,1-2,1-2,1-2
2026-06-14,12:00,Alemania,Curaçao,4-1,4,1,0.926,0.053,0.021,3.53,55,4-1,3-1,4-1,4-1,4-1
2026-06-14,15:00,Países Bajos,Japón,2-1,2,1,0.47,0.269,0.261,3.21,54,2-1,1-1,1-1,2-1,1-1
2026-06-14,18:00,Costa de Marfil,Ecuador,1-1,1,1,0.271,0.333,0.396,3.26,55,1-1,1-1,1-1,1-1,1-1
2026-06-14,21:00,Sweden,Tunisia,2-1,2,1,0.495,0.282,0.223,3.19,55,2-1,1-1,2-1,2-1,2-1
2026-06-15,11:00,España,Cape Verde,3-1,3,1,0.875,0.087,0.038,3.46,55,3-1,3-1,3-1,3-1,3-1
2026-06-15,14:00,Bélgica,Egipto,2-1,2,1,0.574,0.246,0.18,3.36,55,2-1,2-1,2-1,2-1,2-1
2026-06-15,17:00,Arabia Saudita,Uruguay,1-2,1,2,0.122,0.215,0.662,3.4,55,1-2,1-2,1-2,1-2,1-2
2026-06-15,20:00,Iran,New Zealand,2-1,2,1,0.505,0.279,0.216,3.21,53,2-1,1-1,2-1,2-1,2-1
2026-06-16,14:00,Francia,Senegal,2-1,2,1,0.647,0.218,0.135,3.41,54,2-1,2-1,2-1,2-1,2-1
2026-06-16,17:00,Iraq,Norway,1-2,1,2,0.068,0.141,0.791,3.39,54,1-2,1-2,1-2,1-3,1-2
2026-06-16,20:00,Argentina,Algeria,2-1,2,1,0.678,0.211,0.112,3.4,54,2-1,2-1,2-1,2-1,2-1
2026-06-16,23:00,Austria,Jordan,2-1,2,1,0.718,0.181,0.101,3.46,54,2-1,3-1,2-1,3-1,2-1
2026-06-17,12:00,Portugal,DR Congo,2-1,2,1,0.747,0.167,0.087,3.42,52,2-1,3-1,2-1,2-1,2-1
2026-06-17,15:00,Inglaterra,Croacia,2-1,2,1,0.546,0.255,0.199,3.3,52,2-1,2-1,2-1,2-1,2-1
2026-06-17,18:00,Ghana,Panama,1-1,1,1,0.461,0.278,0.261,3.13,52,1-1,1-1,2-1,1-1,1-1
2026-06-17,21:00,Uzbekistan,Colombia,1-2,1,2,0.112,0.211,0.678,3.39,52,1-2,1-2,1-2,1-2,1-2
2026-06-18,11:00,Czech Republic,Sudáfrica,2-1,2,1,0.482,0.286,0.232,3.18,50,2-1,2-1,2-1,1-1,2-1
2026-06-18,14:00,Suiza,Bosnia & Herzegovina,2-1,2,1,0.586,0.242,0.172,3.37,50,2-1,2-1,2-1,2-1,2-1
2026-06-18,17:00,Canadá,Qatar,2-1,2,1,0.72,0.189,0.09,3.36,50,2-1,2-1,2-1,2-1,2-1
2026-06-18,20:00,México,Corea del Sur,2-1,2,1,0.523,0.273,0.205,3.25,50,2-1,2-1,1-1,1-1,2-1
2026-06-19,14:00,USA,Australia,2-1,2,1,0.539,0.253,0.207,3.3,49,2-1,2-1,2-1,2-1,2-1
2026-06-19,17:00,Scotland,Marruecos,1-1,1,1,0.234,0.286,0.48,3.12,50,1-1,1-1,1-1,1-1,1-2
2026-06-19,20:00,Brasil,Haiti,3-1,3,1,0.888,0.079,0.033,3.47,50,3-1,3-1,3-1,3-1,4-1
2026-06-19,22:00,Turkey,Paraguay,1-1,1,1,0.428,0.294,0.277,3.17,49,1-1,1-1,1-1,1-1,2-1
2026-06-20,12:00,Países Bajos,Sweden,2-1,2,1,0.574,0.241,0.185,3.37,49,2-1,2-1,2-1,2-1,2-1
2026-06-20,15:00,Alemania,Costa de Marfil,2-1,2,1,0.609,0.225,0.166,3.41,49,2-1,2-1,2-1,2-1,2-1
2026-06-20,19:00,Ecuador,Curaçao,2-1,2,1,0.787,0.145,0.067,3.37,50,2-1,2-1,3-1,3-1,3-1
2026-06-20,23:00,Tunisia,Japón,1-2,1,2,0.184,0.268,0.548,3.27,50,1-2,1-2,1-2,1-2,1-2
2026-06-21,11:00,España,Arabia Saudita,3-1,3,1,0.857,0.101,0.041,3.36,49,3-1,3-1,3-1,3-1,3-0
2026-06-21,14:00,Bélgica,Iran,2-1,2,1,0.676,0.206,0.118,3.42,49,2-1,2-1,2-1,2-1,2-1
2026-06-21,17:00,Uruguay,Cape Verde,2-1,2,1,0.658,0.215,0.126,3.41,49,2-1,2-1,2-1,2-1,2-1
2026-06-21,20:00,New Zealand,Egipto,1-2,1,2,0.193,0.262,0.545,3.28,50,1-2,1-1,1-1,1-2,1-1
2026-06-22,12:00,Argentina,Austria,2-1,2,1,0.572,0.248,0.18,3.37,49,2-1,2-1,2-1,2-1,2-1
2026-06-22,16:00,Francia,Iraq,3-1,3,1,0.843,0.114,0.043,3.34,49,3-1,3-1,3-1,3-1,3-1
2026-06-22,19:00,Norway,Senegal,2-1,2,1,0.447,0.276,0.276,3.16,49,2-1,1-1,1-1,2-1,2-1
2026-06-22,22:00,Jordan,Algeria,1-2,1,2,0.151,0.23,0.62,3.41,49,1-2,1-2,1-2,1-2,1-2
2026-06-23,12:00,Portugal,Uzbekistan,2-1,2,1,0.752,0.158,0.09,3.45,49,2-1,2-1,2-1,2-1,2-1
2026-06-23,15:00,Inglaterra,Ghana,2-1,2,1,0.718,0.182,0.1,3.45,49,2-1,3-1,2-1,3-1,2-1
2026-06-23,18:00,Panama,Croacia,1-2,1,2,0.145,0.236,0.618,3.4,49,1-2,1-2,1-2,1-2,1-2
2026-06-23,21:00,Colombia,DR Congo,2-1,2,1,0.636,0.235,0.129,3.35,49,2-1,2-1,2-1,2-1,2-1
2026-06-24,14:00,Bosnia & Herzegovina,Qatar,2-1,2,1,0.608,0.235,0.157,3.38,46,2-1,2-1,2-1,2-1,2-1
2026-06-24,14:00,Suiza,Canadá,1-1,1,1,0.45,0.283,0.267,3.14,47,1-1,1-1,1-1,2-1,1-1
2026-06-24,17:00,Scotland,Brasil,1-2,1,2,0.144,0.208,0.649,3.43,41,1-2,1-2,1-2,1-2,1-2
2026-06-24,17:00,Marruecos,Haiti,2-1,2,1,0.711,0.189,0.1,3.46,41,2-1,2-1,2-1,3-1,2-1
2026-06-24,20:00,Czech Republic,México,1-2,1,2,0.223,0.271,0.506,3.23,41,1-2,1-2,1-2,1-2,1-1
2026-06-24,20:00,Sudáfrica,Corea del Sur,1-1,1,1,0.249,0.285,0.466,3.13,41,1-1,1-1,1-1,1-1,1-1
2026-06-25,15:00,Curaçao,Costa de Marfil,1-2,1,2,0.072,0.157,0.771,3.38,40,1-2,1-2,1-3,1-2,1-3
2026-06-25,15:00,Ecuador,Alemania,1-2,1,2,0.198,0.25,0.552,3.35,41,1-2,1-2,1-2,1-2,1-2
2026-06-25,18:00,Japón,Sweden,1-1,1,1,0.454,0.279,0.268,3.12,40,1-1,2-1,1-1,1-1,1-1
2026-06-25,18:00,Tunisia,Países Bajos,1-2,1,2,0.145,0.224,0.631,3.42,40,1-2,1-2,1-2,1-2,1-2
2026-06-25,21:00,Paraguay,Australia,1-1,1,1,0.436,0.293,0.272,3.16,40,1-1,1-1,1-1,1-1,2-1
2026-06-25,21:00,Turkey,USA,1-1,1,1,0.348,0.276,0.376,3.07,40,1-1,1-2,1-1,1-1,1-2
2026-06-26,14:00,Norway,Francia,1-2,1,2,0.218,0.261,0.521,3.3,40,1-2,1-2,1-2,1-2,1-2
2026-06-26,14:00,Senegal,Iraq,2-1,2,1,0.657,0.218,0.125,3.4,40,2-1,2-1,2-1,2-1,2-1
2026-06-26,19:00,Cape Verde,Arabia Saudita,1-1,1,1,0.362,0.29,0.349,3.17,40,1-1,1-1,1-1,1-1,1-1
2026-06-26,19:00,Uruguay,España,1-2,1,2,0.178,0.246,0.576,3.38,40,1-2,1-2,1-2,1-2,1-2
2026-06-26,22:00,New Zealand,Bélgica,1-2,1,2,0.094,0.171,0.735,3.44,40,1-2,1-2,1-3,1-3,1-2
2026-06-26,22:00,Egipto,Iran,1-1,1,1,0.42,0.311,0.269,3.22,40,1-1,1-1,1-1,1-1,1-1
2026-06-27,16:00,Croacia,Ghana,2-1,2,1,0.57,0.254,0.176,3.33,40,2-1,2-1,2-1,2-1,2-1
2026-06-27,16:00,Panama,Inglaterra,1-2,1,2,0.099,0.171,0.73,3.46,40,1-2,1-2,1-2,1-3,1-3
2026-06-27,18:30,Colombia,Portugal,1-1,1,1,0.271,0.283,0.445,3.11,41,1-1,1-1,1-1,1-2,1-1
2026-06-27,18:30,DR Congo,Uzbekistan,1-1,1,1,0.404,0.293,0.303,3.18,41,1-1,1-1,2-1,1-1,1-1
2026-06-27,21:00,Algeria,Austria,1-1,1,1,0.276,0.293,0.431,3.15,40,1-1,1-2,1-2,1-1,1-1
2026-06-27,21:00,Jordan,Argentina,1-2,1,2,0.072,0.147,0.781,3.4,40,1-2,1-2,1-2,1-2,1-2
